UTC_Time,Time_s,q0,q1,q2,q3,R11,R12,R13,R21,R22,R23,R31,R32,R33,roll,pitch,yaw,aax,aay,aaz,lax,lay,laz
2026_06_09_10_21_19.004,0.000000,1.00000000,0.00000000,0.00000000,0.00000000,1.00000000,0.00000000,0.00000000,0.00000000,1.00000000,0.00000000,0.00000000,0.00000000,1.00000000,0.000000,0.000000,0.000000,0.000000,0.000000,0.000000,0.000000,0.000000,0.000000
2026_06_09_10_21_19.024,0.020000,1.00000000,0.00000000,0.00000000,0.00000000,1.00000000,0.00000000,0.00000000,0.00000000,1.00000000,0.00000000,0.00000000,0.00000000,1.00000000,0.000000,0.000000,0.000000,0.000000,0.000000,0.000000,0.000000,0.000000,0.000000
2026_06_09_10_21_19.046,0.040000,1.00000000,0.00000000,0.00000000,0.00000000,1.00000000,0.00000000,0.00000000,0.00000000,1.00000000,0.00000000,0.00000000,0.00000000,1.00000000,0.000000,0.000000,0.000000,0.000000,0.000000,0.000000,0.000000,0.000000,0.000000
2026_06_09_10_21_19.063,0.060000,1.00000000,0.00000000,0.00000000,0.00000000,1.00000000,0.00000000,0.00000000,0.00000000,1.00000000,0.00000000,0.00000000,0.00000000,1.00000000,0.000000,0.000000,0.000000,0.000000,0.000000,0.000000,0.000000,0.000000,0.000000
2026_06_09_10_21_19.083,0.080000,1.00000000,0.00000000,0.00000000,0.00000000,1.00000000,0.00000000,0.00000000,0.00000000,1.00000000,0.00000000,0.00000000,0.00000000,1.00000000,0.000000,0.000000,0.000000,0.000000,0.000000,0.000000,0.000000,0.000000,0.000000
2026_06_09_10_21_19.102,0.100000,1.00000000,0.00000000,0.00000000,0.00000000,1.00000000,0.00000000,0.00000000,0.00000000,1.00000000,0.00000000,0.00000000,0.00000000,1.00000000,0.000000,0.000000,0.000000,0.000000,0.000000,0.000000,0.000000,0.000000,0.000000
2026_06_09_10_21_19.122,0.120000,1.00000000,0.00000000,0.00000000,0.00000000,1.00000000,0.00000000,0.00000000,0.00000000,1.00000000,0.00000000,0.00000000,0.00000000,1.00000000,0.000000,0.000000,0.000000,0.000000,0.000000,0.000000,0.000000,0.000000,0.000000
2026_06_09_10_21_19.142,0.140000,1.00000000,0.00000000,0.00000000,0.00000000,1.00000000,0.00000000,0.00000000,0.00000000,1.00000000,0.00000000,0.00000000,0.00000000,1.00000000,0.000000,0.000000,0.000000,0.000000,0.000000,0.000000,0.000000,0.000000,0.000000
2026_06_09_10_21_19.163,0.160000,1.00000000,0.00000000,0.00000000,0.00000000,1.00000000,0.00000000,0.00000000,0.00000000,1.00000000,0.00000000,0.00000000,0.00000000,1.00000000,0.000000,0.000000,0.000000,0.000000,0.000000,0.000000,0.000000,0.000000,0.000000
2026_06_09_10_21_19.182,0.180000,1.00000000,0.00000000,0.00000000,0.00000000,1.00000000,0.00000000,0.00000000,0.00000000,1.00000000,0.00000000,0.00000000,0.00000000,1.00000000,0.000000,0.000000,0.000000,0.000000,0.000000,0.000000,0.000000,0.000000,0.000000
2026_06_09_10_21_19.202,0.200000,1.00000000,0.00000000,0.00000000,0.00000000,1.00000000,0.00000000,0.00000000,0.00000000,1.00000000,0.00000000,0.00000000,0.00000000,1.00000000,0.000000,0.000000,0.000000,0.000000,0.000000,0.000000,0.000000,0.000000,0.000000
2026_06_09_10_21_19.222,0.220000,1.00000000,0.00000000,0.00000000,0.00000000,1.00000000,0.00000000,0.00000000,0.00000000,1.00000000,0.00000000,0.00000000,0.00000000,1.00000000,0.000000,0.000000,0.000000,0.000000,0.000000,0.000000,0.000000,0.000000,0.000000
2026_06_09_10_21_19.242,0.240000,1.00000000,0.00000000,0.00000000,0.00000000,1.00000000,0.00000000,0.00000000,0.00000000,1.00000000,0.00000000,0.00000000,0.00000000,1.00000000,0.000000,0.000000,0.000000,0.000000,0.000000,0.000000,0.000000,0.000000,0.000000
2026_06_09_10_21_19.261,0.260000,1.00000000,0.00000000,0.00000000,0.00000000,1.00000000,0.00000000,0.00000000,0.00000000,1.00000000,0.00000000,0.00000000,0.00000000,1.00000000,0.000000,0.000000,0.000000,0.000000,0.000000,0.000000,0.000000,0.000000,0.000000
2026_06_09_10_21_19.282,0.280000,1.00000000,0.00000000,0.00000000,0.00000000,1.00000000,0.00000000,0.00000000,0.00000000,1.00000000,0.00000000,0.00000000,0.00000000,1.00000000,0.000000,0.000000,0.000000,0.000000,0.000000,0.000000,0.000000,0.000000,0.000000
2026_06_09_10_21_19.301,0.300000,1.00000000,0.00000000,0.00000000,0.00000000,1.00000000,0.00000000,0.00000000,0.00000000,1.00000000,0.00000000,0.00000000,0.00000000,1.00000000,0.000000,0.000000,0.000000,0.000000,0.000000,0.000000,0.000000,0.000000,0.000000
2026_06_09_10_21_19.321,0.320000,1.00000000,0.00000000,0.00000000,0.00000000,1.00000000,0.00000000,0.00000000,0.00000000,1.00000000,0.00000000,0.00000000,0.00000000,1.00000000,0.000000,0.000000,0.000000,0.000000,0.000000,0.000000,0.000000,0.000000,0.000000
2026_06_09_10_21_19.341,0.340000,1.00000000,0.00000000,0.00000000,0.00000000,1.00000000,0.00000000,0.00000000,0.00000000,1.00000000,0.00000000,0.00000000,0.00000000,1.00000000,0.000000,0.000000,0.000000,0.000000,0.000000,0.000000,0.000000,0.000000,0.000000
2026_06_09_10_21_19.360,0.360000,1.00000000,0.00000000,0.00000000,0.00000000,1.00000000,0.00000000,0.00000000,0.00000000,1.00000000,0.00000000,0.00000000,0.00000000,1.00000000,0.000000,0.000000,0.000000,0.000000,0.000000,0.000000,0.000000,0.000000,0.000000
2026_06_09_10_21_19.380,0.380000,0.62995827,-0.32467461,-0.62711602,-0.32320973,0.00452191,0.81443459,-0.58023787,0.00000000,0.58024371,0.81444293,0.99998987,-0.00368291,0.00262380,-54.537010,35.469887,89.688492,0.000000,0.000000,0.000000,0.000000,0.000000,0.000000
2026_06_09_10_21_19.400,0.400000,0.62995535,-0.32468182,-0.62711424,-0.32321155,0.00452411,0.81444287,-0.58022612,0.00000751,0.58023202,0.81445122,0.99998981,-0.00368896,0.00261891,-54.631889,35.469059,89.688339,1.897591,-7.865803,16.900938,22.595505,-11.062481,-7.488748
2026_06_09_10_21_19.420,0.420000,0.62995225,-0.32468885,-0.62711298,-0.32321301,0.00452530,0.81445074,-0.58021516,0.00001565,0.58022100,0.81445909,0.99998981,-0.00369480,0.00261289,-54.736862,35.468288,89.688255,1.791742,-8.117119,3.139693,8.833750,-11.243736,-7.668059
2026_06_09_10_21_19.440,0.440000,0.62994909,-0.32469597,-0.62711203,-0.32321382,0.00452662,0.81445801,-0.58020484,0.00002500,0.58021069,0.81446642,0.99998975,-0.00370133,0.00260603,-54.855404,35.467564,89.688171,1.688161,-8.782875,-10.370664,-4.677128,-11.664368,-8.185401
2026_06_09_10_21_19.460,0.460000,0.62994635,-0.32470325,-0.62711096,-0.32321388,0.00452924,0.81446469,-0.58019531,0.00003514,0.58020121,0.81447315,0.99998975,-0.00370935,0.00259924,-54.984077,35.466892,89.687988,1.308796,-9.861491,-23.358294,-17.666561,-12.550875,-8.877464
2026_06_09_10_21_19.480,0.480000,0.62994474,-0.32471013,-0.62710947,-0.32321328,0.00453377,0.81447059,-0.58018732,0.00004458,0.58019304,0.81447911,0.99998987,-0.00371867,0.00259411,-55.104782,35.466331,89.687668,1.115070,-10.420027,-35.618671,-29.927876,-12.986881,-9.251663
2026_06_09_10_21_19.499,0.500000,0.62994391,-0.32471627,-0.62710762,-0.32321227,0.00453973,0.81447530,-0.58018070,0.00005290,0.58018637,0.81448382,0.99998981,-0.00372833,0.00259078,-55.209057,35.465866,89.687256,1.197542,-10.411461,-46.935257,-41.244110,-12.872177,-9.321745
2026_06_09_10_21_19.519,0.520000,0.62994355,-0.32472146,-0.62710559,-0.32321167,0.00454557,0.81447947,-0.58017474,0.00005907,0.58018041,0.81448805,0.99998981,-0.00373667,0.00258911,-55.286350,35.465446,89.686844,1.221993,-10.533602,-57.513386,-51.822144,-12.883181,-9.462744
2026_06_09_10_21_19.539,0.540000,0.62994415,-0.32472557,-0.62710321,-0.32321110,0.00455230,0.81448281,-0.58017021,0.00006303,0.58017576,0.81449139,0.99998981,-0.00374448,0.00258976,-55.335537,35.465126,89.686371,1.301647,-10.642590,-67.025253,-61.333626,-12.845452,-9.622434
2026_06_09_10_21_19.559,0.560000,0.62994599,-0.32472831,-0.62710053,-0.32320973,0.00456077,0.81448400,-0.58016825,0.00006524,0.58017397,0.81449258,0.99998963,-0.00375259,0.00259286,-55.361439,35.464989,89.685776,1.347557,-10.827801,-75.884384,-70.192505,-12.881712,-9.823143
2026_06_09_10_21_19.579,0.580000,0.62994897,-0.32472968,-0.62709808,-0.32320726,0.00457013,0.81448293,-0.58016962,0.00006655,0.58017540,0.81449157,0.99998957,-0.00376093,0.00259721,-55.376030,35.465084,89.685120,1.168778,-10.483740,-84.174431,-78.483246,-12.795900,-9.461083
2026_06_09_10_21_19.598,0.600000,0.62995291,-0.32472971,-0.62709653,-0.32320261,0.00458002,0.81447858,-0.58017558,0.00006890,0.58018136,0.81448734,0.99998957,-0.00377038,0.00260115,-55.402691,35.465504,89.684418,1.351656,-9.820506,-91.452492,-85.760284,-12.233949,-9.046246
2026_06_09_10_21_19.618,0.620000,0.62995744,-0.32472861,-0.62709606,-0.32319579,0.00459003,0.81447124,-0.58018577,0.00007290,0.58019161,0.81448001,0.99998951,-0.00378078,0.00260377,-55.449467,35.466221,89.683708,1.434173,-9.230886,-98.066666,-92.373894,-11.798725,-8.631314
2026_06_09_10_21_19.638,0.640000,0.62996197,-0.32472712,-0.62709665,-0.32318735,0.00459945,0.81446207,-0.58019871,0.00007910,0.58020449,0.81447089,0.99998945,-0.00379205,0.00260413,-55.525391,35.467133,89.683044,1.109403,-8.937336,-103.655029,-97.963593,-11.870670,-8.218332
2026_06_09_10_21_19.658,0.660000,0.62996668,-0.32472500,-0.62709773,-0.32317820,0.00460857,0.81445158,-0.58021325,0.00008562,0.58021903,0.81446052,0.99998945,-0.00380322,0.00260425,-55.602814,35.468155,89.682404,1.105024,-8.924740,-108.387787,-102.696213,-11.847811,-8.217786
2026_06_09_10_21_19.678,0.680000,0.62997240,-0.32472131,-0.62709868,-0.32316887,0.00461823,0.81443954,-0.58023006,0.00008965,0.58023590,0.81444848,0.99998933,-0.00381339,0.00260663,-55.649639,35.469337,89.681717,1.359920,-8.827018,-112.523720,-106.830772,-11.566686,-8.297072
2026_06_09_10_21_19.697,0.700000,0.62997937,-0.32471618,-0.62709957,-0.32315889,0.00462896,0.81442559,-0.58024973,0.00009188,0.58025551,0.81443459,0.99998945,-0.00382340,0.00261110,-55.673897,35.470722,89.680954,1.218632,-8.575416,-115.852516,-110.159950,-11.521969,-8.019320
2026_06_09_10_21_19.717,0.720000,0.62998700,-0.32471007,-0.62710047,-0.32314840,0.00464022,0.81441027,-0.58027118,0.00009310,0.58027697,0.81441927,0.99998933,-0.00383323,0.00261676,-55.684643,35.472229,89.680161,0.644190,-8.307270,-118.637314,-112.947151,-11.822442,-7.475498
2026_06_09_10_21_19.737,0.740000,0.62999499,-0.32470310,-0.62710136,-0.32313806,0.00465131,0.81439424,-0.58029354,0.00009280,0.58029938,0.81440330,0.99998927,-0.00384203,0.00262356,-55.676575,35.473804,89.679367,0.152696,-7.969368,-120.845352,-115.157188,-12.017141,-6.921645
2026_06_09_10_21_19.762,0.760000,0.63000339,-0.32469559,-0.62710214,-0.32312763,0.00466293,0.81437755,-0.58031672,0.00009158,0.58032262,0.81438673,0.99998921,-0.00385061,0.00263137,-55.656818,35.475433,89.678543,-0.278251,-6.873999,-122.301704,-116.615189,-11.725797,-5.784234
2026_06_09_10_21_19.776,0.780000,0.63001168,-0.32468843,-0.62710309,-0.32311690,0.00467438,0.81436110,-0.58033991,0.00009140,0.58034575,0.81437021,0.99998915,-0.00385982,0.00263828,-55.650532,35.477066,89.677734,-0.243121,-5.838162,-122.581284,-116.894272,-11.093841,-4.962595
2026_06_09_10_21_19.796,0.800000,0.63001955,-0.32468188,-0.62710398,-0.32310617,0.00468600,0.81434500,-0.58036214,0.00009221,0.58036816,0.81435418,0.99998897,-0.00386953,0.00264454,-55.654392,35.478630,89.676910,0.481378,-6.163298,-121.933716,-116.243149,-10.693813,-5.646853
2026_06_09_10_21_19.816,0.820000,0.63002717,-0.32467601,-0.62710494,-0.32309559,0.00469726,0.81432986,-0.58038354,0.00009385,0.58038944,0.81433910,0.99998903,-0.00387973,0.00264978,-55.671715,35.480137,89.676109,1.123537,-6.176805,-121.317635,-115.623825,-10.179880,-6.029533
2026_06_09_10_21_19.836,0.840000,0.63003409,-0.32467142,-0.62710583,-0.32308498,0.00470877,0.81431580,-0.58040321,0.00009757,0.58040917,0.81432509,0.99998903,-0.00389117,0.00265348,-55.713116,35.481522,89.675293,1.259512,-5.253858,-120.275925,-114.581207,-9.536127,-5.354535
2026_06_09_10_21_19.856,0.860000,0.63004059,-0.32466784,-0.62710619,-0.32307521,0.00472045,0.81430340,-0.58042043,0.00010145,0.58042639,0.81431276,0.99998897,-0.00390291,0.00265723,-55.755749,35.482731,89.674469,0.953580,-4.657138,-118.354065,-112.660583,-9.444975,-4.686383
2026_06_09_10_21_19.876,0.880000,0.63004655,-0.32466495,-0.62710613,-0.32306656,0.00473183,0.81429267,-0.58043534,0.00010481,0.58044136,0.81430209,0.99998885,-0.00391403,0.00266117,-55.792118,35.483780,89.673660,0.429916,-3.873760,-116.350655,-110.659454,-9.423180,-3.739661
2026_06_09_10_21_19.896,0.900000,0.63005090,-0.32466382,-0.62710649,-0.32305849,0.00474137,0.81428415,-0.58044720,0.00011098,0.58045322,0.81429362,0.99998879,-0.00392532,0.00266171,-55.863487,35.484615,89.672989,0.022140,-2.660388,-113.968681,-108.279198,-9.058921,-2.508631
2026_06_09_10_21_19.915,0.920000,0.63005370,-0.32466438,-0.62710726,-0.32305101,0.00474906,0.81427777,-0.58045620,0.00011984,0.58046216,0.81428730,0.99998885,-0.00393674,0.00265902,-55.967529,35.485249,89.672447,-0.215512,-1.535719,-110.710007,-105.021484,-8.611102,-1.445865
2026_06_09_10_21_19.935,0.940000,0.63005608,-0.32466558,-0.62710786,-0.32304397,0.00475669,0.81427228,-0.58046371,0.00012901,0.58046973,0.81428188,0.99998873,-0.00394821,0.00265598,-56.075199,35.485779,89.671906,-0.229990,-0.838832,-107.378922,-101.690353,-8.230204,-0.860779
2026_06_09_10_21_19.955,0.960000,0.63005805,-0.32466739,-0.62710834,-0.32303742,0.00476396,0.81426787,-0.58046991,0.00013861,0.58047581,0.81427753,0.99998873,-0.00395972,0.00265247,-56.187477,35.486214,89.671394,-0.103094,-0.367700,-103.682663,-97.993408,-7.866760,-0.540579
2026_06_09_10_21_19.975,0.980000,0.63005978,-0.32466990,-0.62710822,-0.32303175,0.00477153,0.81426495,-0.58047396,0.00014770,0.58047986,0.81427461,0.99998873,-0.00397116,0.00264949,-56.293640,35.486500,89.670860,-0.241893,-0.339366,-99.607338,-93.918747,-7.978303,-0.425800
2026_06_09_10_21_19.995,1.000000,0.63006175,-0.32467279,-0.62710702,-0.32302725,0.00478035,0.81426334,-0.58047599,0.00015494,0.58048195,0.81427312,0.99998862,-0.00398248,0.00264871,-56.376663,35.486641,89.670235,-0.603321,-0.031030,-95.600388,-89.913513,-8.108427,0.045768
2026_06_09_10_21_20.014,1.020000,0.63006330,-0.32467654,-0.62710524,-0.32302386,0.00478923,0.81426370,-0.58047545,0.00016180,0.58048147,0.81427348,0.99998856,-0.00399366,0.00264829,-56.454823,35.486603,89.669609,-0.886808,0.597608,-91.102852,-85.417297,-7.991242,0.734164
2026_06_09_10_21_20.034,1.040000,0.63006377,-0.32468170,-0.62710333,-0.32302153,0.00479704,0.81426626,-0.58047181,0.00016963,0.58047777,0.81427610,0.99998850,-0.00400460,0.00264645,-56.545364,35.486347,89.669067,-0.822241,0.362551,-85.633377,-79.947647,-8.096050,0.519944
2026_06_09_10_21_20.054,1.060000,0.63006359,-0.32468772,-0.62710112,-0.32302010,0.00480437,0.81427050,-0.58046585,0.00017765,0.58047181,0.81428039,0.99998850,-0.00401530,0.00264412,-56.638783,35.485928,89.668549,-0.785333,-0.237051,-80.081993,-74.396317,-8.435476,0.025172
2026_06_09_10_21_20.074,1.080000,0.63006312,-0.32469386,-0.62709868,-0.32301968,0.00481105,0.81427574,-0.58045846,0.00018460,0.58046436,0.81428570,0.99998850,-0.00402480,0.00264227,-56.719376,35.485409,89.668083,-1.028147,-0.414688,-75.007713,-69.323364,-8.756021,0.035033
2026_06_09_10_21_20.094,1.100000,0.63006258,-0.32469940,-0.62709600,-0.32302034,0.00481695,0.81428146,-0.58045042,0.00018933,0.58045632,0.81429142,0.99998844,-0.00403237,0.00264180,-56.773491,35.484840,89.667671,-1.157870,-0.218265,-69.668961,-63.985352,-8.768656,0.284409
2026_06_09_10_21_20.114,1.120000,0.63006216,-0.32470465,-0.62709296,-0.32302177,0.00482273,0.81428760,-0.58044171,0.00019240,0.58044767,0.81429756,0.99998844,-0.00403887,0.00264263,-56.807472,35.484230,89.667267,-1.268310,0.743475,-64.657410,-58.974300,-8.320197,1.144824
2026_06_09_10_21_20.134,1.140000,0.63006115,-0.32471064,-0.62708980,-0.32302392,0.00482786,0.81429505,-0.58043122,0.00019583,0.58043712,0.81430513,0.99998844,-0.00404513,0.00264275,-56.846924,35.483490,89.666908,-1.370386,1.740965,-59.717190,-54.034538,-7.844011,2.029372
2026_06_09_10_21_20.153,1.160000,0.63005918,-0.32471719,-0.62708688,-0.32302684,0.00483143,0.81430382,-0.58041894,0.00019974,0.58042479,0.81431389,0.99998844,-0.00405031,0.00264156,-56.892361,35.482628,89.666656,-1.176265,1.909654,-54.702148,-49.018700,-7.608147,2.067393
2026_06_09_10_21_20.173,1.180000,0.63005644,-0.32472342,-0.62708461,-0.32303023,0.00483268,0.81431270,-0.58040643,0.00020358,0.58041233,0.81432277,0.99998832,-0.00405359,0.00263917,-56.937229,35.481747,89.666573,-0.728457,1.741982,-49.544498,-43.859100,-7.361658,1.684716
2026_06_09_10_21_20.193,1.200000,0.63005394,-0.32472867,-0.62708235,-0.32303423,0.00483328,0.81432116,-0.58039445,0.00020525,0.58040035,0.81433129,0.99998838,-0.00405502,0.00263810,-56.957127,35.480904,89.666534,-0.190821,1.384084,-43.939507,-38.251762,-7.154338,1.096084
2026_06_09_10_21_20.212,1.220000,0.63005227,-0.32473320,-0.62707931,-0.32303905,0.00483459,0.81432992,-0.58038247,0.00020397,0.58038825,0.81434000,0.99998844,-0.00405556,0.00263977,-56.944023,35.480061,89.666451,0.042826,2.048584,-38.439777,-32.750950,-6.600796,1.516044
2026_06_09_10_21_20.233,1.240000,0.63005042,-0.32473791,-0.62707591,-0.32304415,0.00483656,0.81433880,-0.58036953,0.00020245,0.58037555,0.81434894,0.99998826,-0.00405610,0.00264215,-56.923836,35.479149,89.666313,0.362663,2.740125,-33.020809,-27.330494,-5.961051,1.907800
2026_06_09_10_21_20.253,1.260000,0.63004833,-0.32474300,-0.62707263,-0.32304943,0.00483793,0.81434840,-0.58035606,0.00020140,0.58036208,0.81435847,0.99998826,-0.00405666,0.00264376,-56.911533,35.478203,89.666222,0.774106,2.694115,-27.537045,-21.844944,-5.675050,1.646009
2026_06_09_10_21_20.276,1.280000,0.63004643,-0.32474804,-0.62706935,-0.32305473,0.00483930,0.81435800,-0.58034283,0.00020012,0.58034873,0.81436813,0.99998838,-0.00405723,0.00264543,-56.898651,35.477272,89.666130,0.786197,3.285512,-22.545294,-16.853203,-5.342351,2.133783
2026_06_09_10_21_20.292,1.300000,0.63004458,-0.32475290,-0.62706602,-0.32305995,0.00484097,0.81436735,-0.58032978,0.00019866,0.58033568,0.81437743,0.99998844,-0.00405777,0.00264752,-56.881451,35.476353,89.666016,0.912079,4.122128,-17.567717,-11.875039,-4.774630,2.755204
2026_06_09_10_21_20.312,1.320000,0.63004297,-0.32475722,-0.62706250,-0.32306552,0.00484258,0.81437647,-0.58031696,0.00019583,0.58032286,0.81438655,0.99998838,-0.00405747,0.00265074,-56.847656,35.475452,89.665909,0.954214,4.254973,-12.699116,-7.006405,-4.683116,2.851807
2026_06_09_10_21_20.331,1.340000,0.63004118,-0.32476082,-0.62705922,-0.32307148,0.00484312,0.81438524,-0.58030438,0.00019187,0.58031046,0.81439531,0.99998820,-0.00405547,0.00265431,-56.799351,35.474567,89.665871,0.668275,4.396995,-8.029188,-2.338032,-4.852656,3.145765
2026_06_09_10_21_20.352,1.360000,0.63003850,-0.32476476,-0.62705684,-0.32307744,0.00484139,0.81439435,-0.58029157,0.00018945,0.58029765,0.81440443,0.99998826,-0.00405276,0.00265515,-56.773525,35.473663,89.666000,0.615744,4.197195,-3.645876,2.044801,-5.029307,3.025202
2026_06_09_10_21_20.372,1.380000,0.63003522,-0.32476896,-0.62705523,-0.32308280,0.00483847,0.81440324,-0.58027923,0.00018907,0.58028525,0.81441331,0.99998832,-0.00405025,0.00265372,-56.771454,35.472797,89.666206,0.979576,3.606008,0.178008,5.870164,-5.091688,2.342818
2026_06_09_10_21_20.391,1.400000,0.63003194,-0.32477313,-0.62705386,-0.32308787,0.00483537,0.81441188,-0.58026743,0.00018916,0.58027327,0.81442189,0.99998844,-0.00404790,0.00265169,-56.776245,35.471966,89.666428,1.314137,3.285903,4.125869,9.819418,-5.021065,1.898514
2026_06_09_10_21_20.411,1.420000,0.63002872,-0.32477733,-0.62705225,-0.32309300,0.00483274,0.81442046,-0.58025527,0.00018898,0.58026117,0.81443048,0.99998844,-0.00404572,0.00265032,-56.775707,35.471111,89.666618,1.388353,3.177991,8.389585,14.083300,-5.040592,1.778916
2026_06_09_10_21_20.431,1.440000,0.63002563,-0.32478160,-0.62705046,-0.32309815,0.00483060,0.81442916,-0.58024305,0.00018868,0.58024901,0.81443918,0.99998838,-0.00404379,0.00264925,-56.773766,35.470253,89.666771,1.492624,3.000938,12.138325,17.832340,-5.073660,1.584192
2026_06_09_10_21_20.451,1.460000,0.63002259,-0.32478628,-0.62704867,-0.32310292,0.00482893,0.81443787,-0.58023083,0.00018933,0.58023673,0.81444788,0.99998844,-0.00404286,0.00264770,-56.783131,35.469391,89.666893,1.440621,2.686621,15.403794,21.097340,-5.311690,1.367057
2026_06_09_10_21_20.471,1.480000,0.63001943,-0.32479107,-0.62704700,-0.32310757,0.00482714,0.81444663,-0.58021867,0.00019044,0.58022451,0.81445664,0.99998856,-0.00404209,0.00264561,-56.798794,35.468536,89.667023,1.454512,2.690087,18.480867,24.174324,-5.310898,1.369992
2026_06_09_10_21_20.490,1.500000,0.63001615,-0.32479581,-0.62704515,-0.32311276,0.00482506,0.81445575,-0.58020580,0.00019076,0.58021164,0.81446576,0.99998844,-0.00404063,0.00264412,-56.804100,35.467632,89.667175,1.381262,3.037729,21.003859,26.696873,-5.179128,1.702336
2026_06_09_10_21_20.510,1.520000,0.63001293,-0.32480073,-0.62704307,-0.32311815,0.00482327,0.81446528,-0.58019245,0.00019088,0.58019829,0.81447530,0.99998856,-0.00403932,0.00264293,-56.807419,35.466690,89.667305,1.180187,3.116112,23.588629,29.280525,-5.307953,1.889704
2026_06_09_10_21_20.530,1.540000,0.63000953,-0.32480541,-0.62704128,-0.32312360,0.00482076,0.81447470,-0.58017933,0.00019091,0.58018517,0.81448472,0.99998856,-0.00403735,0.00264138,-56.810028,35.465767,89.667480,1.174049,2.661101,26.265993,31.957611,-5.587827,1.529761
2026_06_09_10_21_20.550,1.560000,0.63000566,-0.32480997,-0.62704003,-0.32312891,0.00481701,0.81448376,-0.58016652,0.00019160,0.58017236,0.81449378,0.99998850,-0.00403473,0.00263858,-56.820827,35.464867,89.667747,1.050748,2.578605,28.610966,34.301819,-5.745620,1.540285
2026_06_09_10_21_20.569,1.580000,0.63000154,-0.32481468,-0.62703919,-0.32313380,0.00481278,0.81449264,-0.58015412,0.00019348,0.58015996,0.81450260,0.99998850,-0.00403237,0.00263453,-56.845852,35.463997,89.668053,1.003081,2.629831,30.531332,36.221825,-5.762511,1.614682
2026_06_09_10_21_20.590,1.600000,0.62999785,-0.32481894,-0.62703836,-0.32313830,0.00480908,0.81450069,-0.58014274,0.00019500,0.58014858,0.81451070,0.99998856,-0.00403026,0.00263113,-56.865932,35.463196,89.668312,0.946692,2.718762,32.663673,38.353771,-5.765478,1.725403
2026_06_09_10_21_20.612,1.620000,0.62999517,-0.32482249,-0.62703699,-0.32314265,0.00480688,0.81450808,-0.58013254,0.00019482,0.58013839,0.81451797,0.99998850,-0.00402838,0.00262994,-56.865597,35.462479,89.668472,0.589476,2.753973,34.531906,40.220173,-6.043564,1.966231
2026_06_09_10_21_20.628,1.640000,0.62999290,-0.32482550,-0.62703538,-0.32314724,0.00480497,0.81451511,-0.58012277,0.00019321,0.58012855,0.81452501,0.99998862,-0.00402600,0.00263005,-56.848877,35.461788,89.668610,0.121605,2.656590,35.682362,41.368240,-6.485785,2.161387
2026_06_09_10_21_20.649,1.660000,0.62999046,-0.32482824,-0.62703407,-0.32315177,0.00480241,0.81452179,-0.58011335,0.00019169,0.58011913,0.81453168,0.99998862,-0.00402305,0.00262976,-56.832615,35.461128,89.668793,-0.083831,2.544976,36.575340,42.260109,-6.721443,2.192010
2026_06_09_10_21_20.668,1.680000,0.62998801,-0.32483098,-0.62703294,-0.32315594,0.00479990,0.81452823,-0.58010435,0.00019071,0.58011013,0.81453812,0.99998856,-0.00402042,0.00262904,-56.822639,35.460495,89.668968,-0.347568,2.524221,37.436848,43.120247,-6.951760,2.330361
2026_06_09_10_21_20.688,1.700000,0.62998599,-0.32483315,-0.62703156,-0.32316032,0.00479770,0.81453419,-0.58009583,0.00018832,0.58010167,0.81454408,0.99998862,-0.00401720,0.00262970,-56.795071,35.459896,89.669128,-0.222324,2.756958,38.574429,44.258369,-6.719267,2.450303
2026_06_09_10_21_20.708,1.720000,0.62998438,-0.32483426,-0.62703025,-0.32316485,0.00479507,0.81453943,-0.58008850,0.00018418,0.58009434,0.81454933,0.99998856,-0.00401273,0.00263155,-56.747372,35.459377,89.669319,0.304852,2.930485,39.295944,44.982361,-6.191993,2.287804
2026_06_09_10_21_20.728,1.740000,0.62998253,-0.32483500,-0.62702966,-0.32316884,0.00479144,0.81454384,-0.58008242,0.00018093,0.58008826,0.81455362,0.99998856,-0.00400785,0.00263208,-56.709984,35.458950,89.669571,0.627555,2.868874,39.044327,44.732208,-5.963737,2.049791
2026_06_09_10_21_20.748,1.760000,0.62998015,-0.32483608,-0.62702978,-0.32317215,0.00478685,0.81454790,-0.58007669,0.00017968,0.58008254,0.81455767,0.99998856,-0.00400344,0.00263035,-56.698303,35.458549,89.669899,0.773513,2.357927,39.046021,44.734451,-6.141126,1.548900
2026_06_09_10_21_20.767,1.780000,0.62997758,-0.32483733,-0.62703031,-0.32317492,0.00478190,0.81455159,-0.58007151,0.00017980,0.58007735,0.81456143,0.99998862,-0.00399953,0.00262737,-56.702457,35.458183,89.670250,0.374121,2.277419,38.569302,44.255756,-6.511138,1.713670
2026_06_09_10_21_20.791,1.800000,0.62997466,-0.32483849,-0.62703133,-0.32317743,0.00477618,0.81455505,-0.58006674,0.00018063,0.58007264,0.81456476,0.99998862,-0.00399530,0.00262338,-56.714615,35.457848,89.670654,-0.080964,2.374107,37.709900,43.394165,-6.822191,2.054047
2026_06_09_10_21_20.807,1.820000,0.62997121,-0.32484022,-0.62703282,-0.32317954,0.00476968,0.81455857,-0.58006179,0.00018334,0.58006763,0.81456834,0.99998868,-0.00399160,0.00261736,-56.750675,35.457500,89.671112,-0.358073,2.239177,37.114635,42.797516,-7.123713,2.103161
2026_06_09_10_21_20.827,1.840000,0.62996668,-0.32484397,-0.62703502,-0.32318032,0.00476313,0.81456280,-0.58005595,0.00019142,0.58006173,0.81457251,0.99998868,-0.00399101,0.00260693,-56.851597,35.457088,89.671570,-0.219138,1.912344,36.676178,42.359631,-7.198408,1.754921
2026_06_09_10_21_20.847,1.860000,0.62996161,-0.32484922,-0.62703770,-0.32317969,0.00475717,0.81456697,-0.58004999,0.00020382,0.58005571,0.81457675,0.99998868,-0.00399336,0.00259340,-57.003407,35.456669,89.671997,0.175082,0.893477,35.957214,41.642315,-7.465558,0.694086
2026_06_09_10_21_20.867,1.880000,0.62995654,-0.32485506,-0.62704062,-0.32317802,0.00475204,0.81457090,-0.58004469,0.00021842,0.58005035,0.81458068,0.99998873,-0.00399765,0.00257850,-57.182091,35.456295,89.672356,-0.036087,0.242279,34.714539,40.398464,-8.010528,0.282531
2026_06_09_10_21_20.886,1.900000,0.62995237,-0.32485995,-0.62704349,-0.32317579,0.00474775,0.81457335,-0.58004129,0.00023192,0.58004683,0.81458312,0.99998879,-0.00400203,0.00256497,-57.347778,35.456059,89.672661,-0.308098,-0.900557,33.193977,38.876335,-8.889090,-0.494863
2026_06_09_10_21_20.906,1.920000,0.62995130,-0.32486090,-0.62704509,-0.32317385,0.00474620,0.81457245,-0.58004266,0.00023729,0.58004808,0.81458223,0.99998885,-0.00400394,0.00255966,-57.414040,35.456154,89.672768,-0.333786,-2.556187,31.655540,37.337406,-9.864253,-1.832669
2026_06_09_10_21_20.926,1.940000,0.62995535,-0.32485375,-0.62704629,-0.32317060,0.00474745,0.81456280,-0.58005595,0.00023058,0.58006161,0.81457257,0.99998868,-0.00400084,0.00256598,-57.329739,35.457088,89.672676,-0.253855,-2.894953,30.083805,35.766140,-9.989204,-2.158851
2026_06_09_10_21_20.946,1.960000,0.62996483,-0.32483742,-0.62704873,-0.32316405,0.00474977,0.81454176,-0.58008575,0.00021380,0.58009130,0.81455147,0.99998879,-0.00399306,0.00258106,-57.126152,35.459187,89.672501,-0.338603,-1.607738,28.537420,34.219986,-9.304995,-1.064801
2026_06_09_10_21_20.965,1.980000,0.62997723,-0.32481599,-0.62705207,-0.32315496,0.00475317,0.81451356,-0.58012527,0.00019255,0.58013088,0.81452334,0.99998885,-0.00398338,0.00260055,-56.865658,35.461967,89.672249,-0.789503,0.186131,26.687620,32.368824,-8.623713,0.653538
2026_06_09_10_21_20.985,2.000000,0.62998962,-0.32479391,-0.62705618,-0.32314479,0.00475597,0.81448376,-0.58016688,0.00017232,0.58017272,0.81449342,0.99998873,-0.00397369,0.00261897,-56.616222,35.464893,89.672043,-1.109674,0.994154,24.195955,29.876209,-8.405213,1.491230
2026_06_09_10_21_21.005,2.020000,0.63000083,-0.32477364,-0.62706095,-0.32313409,0.00475788,0.81445527,-0.58020699,0.00015625,0.58021289,0.81446487,0.99998868,-0.00396580,0.00263333,-56.419540,35.467716,89.671898,-1.214757,0.950276,22.187099,27.867245,-8.507748,1.511396
2026_06_09_10_21_21.025,2.040000,0.63001037,-0.32475615,-0.62706614,-0.32312307,0.00475907,0.81442893,-0.58024389,0.00014538,0.58024985,0.81443858,0.99998873,-0.00396040,0.00264305,-56.286228,35.470310,89.671806,-1.316159,0.543693,20.455889,26.135860,-8.818951,1.234662
2026_06_09_10_21_21.045,2.060000,0.63001853,-0.32474065,-0.62707162,-0.32311186,0.00475979,0.81440425,-0.58027840,0.00013837,0.58028448,0.81441379,0.99998856,-0.00395671,0.00264943,-56.197708,35.472736,89.671745,-0.988356,-0.139297,19.091318,24.773109,-8.942548,0.484692
2026_06_09_10_21_21.064,2.080000,0.63002616,-0.32472667,-0.62707710,-0.32310066,0.00476050,0.81438106,-0.58031118,0.00013357,0.58031714,0.81439066,0.99998879,-0.00395456,0.00265378,-56.139843,35.475044,89.671684,-0.848697,-0.413447,17.988756,23.671505,-8.983256,0.177533
2026_06_09_10_21_21.084,2.100000,0.63003308,-0.32471412,-0.62708247,-0.32308942,0.00476158,0.81435907,-0.58034194,0.00013104,0.58034790,0.81436872,0.99998879,-0.00395384,0.00265658,-56.107067,35.477207,89.671600,-0.975794,-0.180160,16.420227,22.102718,-8.944937,0.437165
2026_06_09_10_21_21.104,2.120000,0.63003892,-0.32470289,-0.62708807,-0.32307836,0.00476187,0.81433851,-0.58037084,0.00013071,0.58037680,0.81434810,0.99998873,-0.00395373,0.00265718,-56.100319,35.479244,89.671570,-1.039260,0.257633,14.703218,20.385769,-8.735529,0.825989
2026_06_09_10_21_21.124,2.140000,0.63004351,-0.32469365,-0.62709391,-0.32306740,0.00476134,0.81431985,-0.58039701,0.00013381,0.58040297,0.81432945,0.99998879,-0.00395507,0.00265455,-56.135502,35.481083,89.671600,-0.871027,0.359631,13.069040,18.752682,-8.532680,0.807077
2026_06_09_10_21_21.148,2.160000,0.63004738,-0.32468620,-0.62709969,-0.32305616,0.00476140,0.81430256,-0.58042133,0.00013986,0.58042717,0.81431222,0.99998879,-0.00395852,0.00264972,-56.206898,35.482796,89.671585,-0.362978,-0.067827,11.593232,17.279490,-8.361094,0.160199
2026_06_09_10_21_21.163,2.180000,0.63005102,-0.32467964,-0.62710506,-0.32304499,0.00476241,0.81428611,-0.58044410,0.00014684,0.58045012,0.81429577,0.99998868,-0.00396317,0.00264478,-56.287437,35.484398,89.671509,0.218168,-0.524301,10.396560,16.085754,-8.147983,-0.551993
2026_06_09_10_21_21.184,2.200000,0.63005483,-0.32467389,-0.62710983,-0.32303411,0.00476444,0.81427073,-0.58046567,0.00015399,0.58047163,0.81428039,0.99998868,-0.00396898,0.00264025,-56.371506,35.485916,89.671364,0.626796,-0.880243,9.087857,14.779167,-8.016592,-1.082478
2026_06_09_10_21_21.203,2.220000,0.63005847,-0.32466894,-0.62711400,-0.32302412,0.00476694,0.81425703,-0.58048517,0.00016072,0.58049101,0.81426674,0.99998873,-0.00397491,0.00263625,-56.450912,35.487286,89.671181,0.843802,-0.566178,7.486845,13.179445,-7.651162,-0.956932
2026_06_09_10_21_21.223,2.240000,0.63006103,-0.32466498,-0.62711805,-0.32301521,0.00476825,0.81424510,-0.58050185,0.00016794,0.58050764,0.81425482,0.99998873,-0.00398016,0.00263119,-56.536438,35.488461,89.671082,0.830996,-0.004742,5.904393,11.597204,-7.329316,-0.496505
2026_06_09_10_21_21.242,2.260000,0.63006270,-0.32466227,-0.62712181,-0.32300714,0.00476927,0.81423509,-0.58051562,0.00017607,0.58052158,0.81424481,0.99998856,-0.00398552,0.00262529,-56.631054,35.489429,89.671005,0.463063,0.278074,4.492320,10.183579,-7.459034,-0.056329
2026_06_09_10_21_21.263,2.280000,0.63006395,-0.32466069,-0.62712514,-0.32300007,0.00476998,0.81422716,-0.58052701,0.00018436,0.58053279,0.81423694,0.99998873,-0.00399107,0.00261897,-56.730991,35.490231,89.670952,0.458926,0.676564,2.861333,8.552779,-7.224504,0.266293
2026_06_09_10_21_21.283,2.300000,0.63006443,-0.32465997,-0.62712830,-0.32299352,0.00477058,0.81422037,-0.58053631,0.00019348,0.58054221,0.81423020,0.99998862,-0.00399664,0.00261199,-56.837658,35.490887,89.670906,1.005632,0.355982,0.789054,6.483167,-6.957141,-0.317491
2026_06_09_10_21_21.303,2.320000,0.63006449,-0.32465991,-0.62713158,-0.32298732,0.00477040,0.81421465,-0.58054459,0.00020331,0.58055025,0.81422448,0.99998879,-0.00400227,0.00260389,-56.956070,35.491470,89.670914,1.615593,-0.534451,-0.488909,5.208033,-6.972280,-1.399878
2026_06_09_10_21_21.326,2.340000,0.63006407,-0.32466039,-0.62713480,-0.32298139,0.00476992,0.81420958,-0.58055168,0.00021371,0.58055729,0.81421947,0.99998873,-0.00400797,0.00259513,-57.081459,35.491970,89.670952,1.811925,-0.850255,-1.507825,4.190060,-6.991642,-1.773555
2026_06_09_10_21_21.341,2.360000,0.63006276,-0.32466176,-0.62713814,-0.32297590,0.00476867,0.81420571,-0.58055693,0.00022537,0.58056259,0.81421554,0.99998862,-0.00401357,0.00258505,-57.219494,35.492336,89.671036,1.716950,-1.221686,-2.828483,2.868920,-7.279275,-2.024149
2026_06_09_10_21_21.361,2.380000,0.63006085,-0.32466424,-0.62714124,-0.32297134,0.00476676,0.81420386,-0.58055979,0.00023746,0.58056527,0.81421375,0.99998873,-0.00401914,0.00257397,-57.367626,35.492538,89.671165,1.597379,-1.496195,-3.757934,1.938854,-7.532238,-2.180494
2026_06_09_10_21_21.382,2.400000,0.63005936,-0.32466668,-0.62714344,-0.32296747,0.00476623,0.81420255,-0.58056164,0.00024781,0.58056712,0.81421244,0.99998879,-0.00402471,0.00256526,-57.491692,35.492668,89.671204,1.250162,-1.023515,-5.199132,0.496138,-7.534691,-1.597632
2026_06_09_10_21_21.402,2.420000,0.63005775,-0.32466939,-0.62714541,-0.32296401,0.00476581,0.81420183,-0.58056259,0.00025788,0.58056808,0.81421173,0.99998868,-0.00403014,0.00255686,-57.611774,35.492737,89.671234,0.594790,-0.412339,-6.686751,-0.994432,-7.707439,-0.723199
2026_06_09_10_21_21.421,2.440000,0.63005501,-0.32467383,-0.62714738,-0.32296112,0.00476456,0.81420326,-0.58056062,0.00027016,0.58056605,0.81421322,0.99998873,-0.00403631,0.00254619,-57.759624,35.492596,89.671326,0.107663,-0.144806,-7.564394,-1.874339,-7.945168,-0.224621
2026_06_09_10_21_21.441,2.460000,0.63005167,-0.32467911,-0.62714905,-0.32295904,0.00476313,0.81420612,-0.58055651,0.00028262,0.58056188,0.81421614,0.99998868,-0.00404233,0.00253510,-57.910801,35.492310,89.671425,0.321703,-0.381804,-7.908207,-2.217239,-7.907079,-0.542531
2026_06_09_10_21_21.461,2.480000,0.63004881,-0.32468390,-0.62715006,-0.32295787,0.00476205,0.81420952,-0.58055180,0.00029260,0.58055717,0.81421947,0.99998873,-0.00404730,0.00252634,-58.031704,35.491978,89.671501,0.965230,-1.058183,-8.077996,-2.384208,-7.775095,-1.467126
2026_06_09_10_21_21.480,2.500000,0.63004684,-0.32468793,-0.62714982,-0.32295787,0.00476265,0.81421316,-0.58054650,0.00029877,0.58055192,0.81422317,0.99998856,-0.00405127,0.00252169,-58.104263,35.491604,89.671463,1.417292,-1.687743,-8.511307,-2.815609,-7.770750,-2.243179
2026_06_09_10_21_21.500,2.520000,0.63004589,-0.32469127,-0.62714857,-0.32295904,0.00476432,0.81421733,-0.58054084,0.00030130,0.58054608,0.81422740,0.99998873,-0.00405419,0.00252056,-58.134331,35.491203,89.671349,1.337421,-1.780431,-8.951273,-3.256035,-7.887810,-2.273366
2026_06_09_10_21_21.520,2.540000,0.63004482,-0.32469469,-0.62714714,-0.32296041,0.00476611,0.81422174,-0.58053458,0.00030363,0.58053982,0.81423181,0.99998868,-0.00405705,0.00251967,-58.161564,35.490765,89.671219,0.618909,-1.132904,-9.250646,-3.558694,-8.095710,-1.329746
2026_06_09_10_21_21.540,2.560000,0.62932062,-0.32589564,-0.62786329,-0.32176921,0.00450456,0.81422782,-0.58052826,0.00424382,0.58051324,0.81423986,0.99998105,-0.00613156,-0.00084054,-97.812943,35.490318,89.689629,0.056560,-0.846255,-9.751303,-4.065274,-8.364971,-0.705455
2026_06_09_10_21_21.560,2.580000,0.62931985,-0.32589862,-0.62786120,-0.32177150,0.00450683,0.81423259,-0.58052123,0.00424379,0.58050638,0.81424463,0.99998081,-0.00613326,-0.00083923,-97.798782,35.489826,89.689476,-0.238536,-0.421328,-10.377636,-4.691193,-8.354756,-0.187655
2026_06_09_10_21_21.580,2.600000,0.62931895,-0.32590148,-0.62785935,-0.32177424,0.00450796,0.81423783,-0.58051419,0.00424331,0.58049911,0.81424987,0.99998093,-0.00613400,-0.00083828,-97.789101,35.489330,89.689392,-0.669149,0.202228,-10.417694,-4.730612,-8.343201,0.570062
2026_06_09_10_21_21.599,2.620000,0.62931794,-0.32590380,-0.62785757,-0.32177705,0.00450885,0.81424248,-0.58050734,0.00424221,0.58049250,0.81425452,0.99998075,-0.00613391,-0.00083685,-97.776093,35.488846,89.689331,-0.784335,0.470618,-10.236155,-4.548528,-8.282354,0.855282
2026_06_09_10_21_21.619,2.640000,0.62931716,-0.32590544,-0.62785625,-0.32177973,0.00450861,0.81424654,-0.58050191,0.00424054,0.58048689,0.81425858,0.99998093,-0.00613293,-0.00083566,-97.766388,35.488464,89.689354,-0.415595,0.884512,-10.160082,-4.469090,-7.742373,0.978154
2026_06_09_10_21_21.639,2.660000,0.62931681,-0.32590649,-0.62785482,-0.32178208,0.00450927,0.81424963,-0.58049750,0.00423816,0.58048248,0.81426173,0.99998093,-0.00613201,-0.00083339,-97.746765,35.488155,89.689308,-0.410624,0.642016,-10.201643,-4.511701,-7.878880,0.777804
2026_06_09_10_21_21.659,2.680000,0.62931734,-0.32590604,-0.62785351,-0.32178399,0.00451005,0.81425101,-0.58049548,0.00423402,0.58048064,0.81426305,0.99998093,-0.00613022,-0.00082958,-97.713982,35.488014,89.689255,-0.823126,0.168411,-10.187983,-4.501931,-8.489796,0.631533
2026_06_09_10_21_21.679,2.700000,0.63400030,-0.32935148,-0.62311089,-0.31828320,0.02085721,0.81402826,-0.58045089,0.00686172,0.58044684,0.81426930,0.99975908,-0.02096644,0.00652081,-72.729050,35.484875,88.538795,-1.212173,-0.195192,-9.722482,-4.058340,-8.876037,0.417365
2026_06_09_10_21_21.698,2.720000,0.63400275,-0.32934749,-0.62311077,-0.31828243,0.02085853,0.81402379,-0.58045685,0.00685608,0.58045304,0.81426483,0.99975896,-0.02096403,0.00652635,-72.713371,35.485294,88.538696,-1.091733,-0.398651,-9.421461,-3.756217,-8.902379,0.183650
2026_06_09_10_21_21.718,2.740000,0.63400632,-0.32934135,-0.62311155,-0.31828019,0.02085948,0.81401610,-0.58046770,0.00684947,0.58046401,0.81425714,0.99975896,-0.02096090,0.00653255,-72.695496,35.486057,88.538612,-0.529355,-0.565943,-9.578912,-3.902938,-8.538351,-0.280144
2026_06_09_10_21_21.738,2.760000,0.63406360,-0.32953197,-0.62306154,-0.31806672,0.02125579,0.81398642,-0.58049494,0.00728834,0.58048451,0.81423873,0.99974757,-0.02153820,0.00640601,-73.441589,35.487976,88.510681,-0.612733,-0.693328,-9.788429,-4.115184,-8.669937,-0.334330
2026_06_09_10_21_21.758,2.780000,0.63407952,-0.32950455,-0.62307185,-0.31804314,0.02126008,0.81393933,-0.58056092,0.00728074,0.58055061,0.81419164,0.99974751,-0.02153671,0.00641644,-73.415016,35.492619,88.510292,-1.015247,-0.573978,-9.429763,-3.763647,-8.935565,-0.001303
2026_06_09_10_21_21.778,2.800000,0.63409960,-0.32946929,-0.62308598,-0.31801188,0.02126461,0.81387782,-0.58064687,0.00727299,0.58063686,0.81413019,0.99974740,-0.02153522,0.00642771,-73.386398,35.498669,88.509865,-1.089678,-0.626795,-8.831102,-3.166263,-9.039102,0.002670
2026_06_09_10_21_21.798,2.820000,0.63411927,-0.32943371,-0.62310052,-0.31798109,0.02126753,0.81381655,-0.58073270,0.00726476,0.58072293,0.81406891,0.99974751,-0.02153215,0.00643837,-73.358093,35.504707,88.509544,-1.187684,-0.811522,-8.697337,-3.035113,-9.228430,-0.090001
2026_06_09_10_21_21.817,2.840000,0.63413769,-0.32939890,-0.62311524,-0.31795156,0.02126837,0.81375706,-0.58081591,0.00725684,0.58080637,0.81400943,0.99974751,-0.02152759,0.00644749,-73.332489,35.510567,88.509377,-0.845996,-1.296653,-8.582185,-2.915424,-9.234079,-0.682638
2026_06_09_10_21_21.837,2.860000,0.63415509,-0.32936540,-0.62312955,-0.31792349,0.02126843,0.81370020,-0.58089554,0.00724903,0.58088619,0.81395251,0.99974751,-0.02152246,0.00645602,-73.307915,35.516171,88.509270,-0.528607,-1.317842,-8.337150,-2.663064,-8.992943,-0.882689
2026_06_09_10_21_21.857,2.880000,0.63417190,-0.32933348,-0.62314296,-0.31789681,0.02126890,0.81364614,-0.58097136,0.00724125,0.58096212,0.81389844,0.99974763,-0.02151778,0.00646460,-73.283524,35.521507,88.509132,-0.494717,-0.937305,-7.651523,-1.973382,-8.758625,-0.588272
2026_06_09_10_21_21.877,2.900000,0.63418800,-0.32930321,-0.62315542,-0.31787163,0.02126992,0.81359494,-0.58104306,0.00723341,0.58103406,0.81384718,0.99974769,-0.02151343,0.00647342,-73.258781,35.526554,88.508965,-0.659180,-0.743269,-6.860170,-1.183613,-8.796288,-0.329744
2026_06_09_10_21_21.898,2.920000,0.63420314,-0.32927474,-0.62316722,-0.31784782,0.02127075,0.81354660,-0.58111072,0.00722629,0.58110183,0.81379884,0.99974775,-0.02150947,0.00648153,-73.236069,35.531319,88.508820,-0.936071,-0.315204,-6.505583,-0.831244,-8.780000,0.181763
2026_06_09_10_21_21.916,2.940000,0.63421696,-0.32924831,-0.62317860,-0.31782529,0.02127105,0.81350136,-0.58117402,0.00722063,0.58116525,0.81375355,0.99974775,-0.02150589,0.00648797,-73.217712,35.535774,88.508713,-1.264627,-0.222293,-6.132552,-0.464003,-9.000864,0.450707
2026_06_09_10_21_21.936,2.960000,0.63423020,-0.32922339,-0.62318909,-0.31780413,0.02127177,0.81345880,-0.58123356,0.00721490,0.58122498,0.81371093,0.99974781,-0.02150270,0.00649464,-73.199059,35.539970,88.508591,-1.712293,-0.232225,-5.960191,-0.300696,-9.374062,0.703921
2026_06_09_10_21_21.956,2.980000,0.63424301,-0.32919937,-0.62319875,-0.31778449,0.02127266,0.81341845,-0.58129001,0.00720811,0.58128160,0.81367064,0.99974775,-0.02149901,0.00650215,-73.177994,35.543945,88.508453,-1.617332,0.187230,-6.117418,-0.452288,-9.049189,0.988985
2026_06_09_10_21_21.976,3.000000,0.63425499,-0.32917672,-0.62320763,-0.31776655,0.02127337,0.81338096,-0.58134240,0.00720087,0.58133423,0.81363308,0.99974781,-0.02149490,0.00650990,-73.156036,35.547634,88.508331,-1.181695,0.649337,-6.268469,-0.590195,-8.422550,1.110687
2026_06_09_10_21_21.995,3.020000,0.63426632,-0.32915577,-0.62321568,-0.31775004,0.02127427,0.81334639,-0.58139092,0.00719377,0.58138281,0.81359845,0.99974793,-0.02149123,0.00651741,-73.134979,35.551048,88.508202,-1.060291,0.604205,-6.106975,-0.426013,-8.353129,1.004351
2026_06_09_10_21_22.015,3.040000,0.63427687,-0.32913598,-0.62322307,-0.31773496,0.02127504,0.81331414,-0.58143592,0.00718641,0.58142799,0.81356621,0.99974799,-0.02148718,0.00652504,-73.113350,35.554218,88.508087,-0.936323,0.114299,-5.511546,0.168818,-8.549590,0.537492
2026_06_09_10_21_22.035,3.060000,0.63428670,-0.32911739,-0.62322986,-0.31772131,0.02127540,0.81328440,-0.58147758,0.00717875,0.58146983,0.81353641,0.99974805,-0.02148274,0.00653255,-73.091721,35.557152,88.508011,-0.992356,-0.096948,-4.771979,0.905896,-8.733582,0.402969
2026_06_09_10_21_22.055,3.080000,0.63429600,-0.32909989,-0.62323576,-0.31770924,0.02127606,0.81325704,-0.58151573,0.00717026,0.58150816,0.81350899,0.99974805,-0.02147797,0.00654089,-73.067802,35.559841,88.507912,-1.345085,0.491364,-4.284721,1.390119,-8.688530,1.089790
2026_06_09_10_21_22.075,3.100000,0.63430429,-0.32908368,-0.62324107,-0.31769910,0.02127570,0.81323278,-0.58154976,0.00716111,0.58154243,0.81348467,0.99974811,-0.02147213,0.00654900,-73.043671,35.562237,88.507896,-1.708469,1.554668,-3.706970,1.967936,-8.377831,2.169800
2026_06_09_10_21_22.099,3.120000,0.63431066,-0.32906953,-0.62324601,-0.31769112,0.02127349,0.81321228,-0.58157825,0.00715280,0.58157122,0.81346405,0.99974811,-0.02146518,0.00655532,-73.023064,35.564243,88.508011,-1.889206,2.105605,-2.754772,2.920260,-8.224583,2.729254
2026_06_09_10_21_22.114,3.140000,0.63431543,-0.32905766,-0.62325031,-0.31768569,0.02126974,0.81319642,-0.58160073,0.00714472,0.58159369,0.81344807,0.99974841,-0.02145728,0.00656021,-73.005241,35.565826,88.508247,-1.872360,2.276690,-2.077435,3.599218,-8.125703,2.863016
2026_06_09_10_21_22.134,3.160000,0.63431960,-0.32904750,-0.62325299,-0.31768253,0.02126706,0.81318420,-0.58161783,0.00713515,0.58161110,0.81343573,0.99974847,-0.02144939,0.00656694,-72.982887,35.567032,88.508415,-1.575898,2.384627,-1.284295,4.399384,-7.838693,2.783521
2026_06_09_10_21_22.154,3.180000,0.63432366,-0.32903919,-0.62325382,-0.31768143,0.02126640,0.81317556,-0.58162999,0.00712419,0.58162344,0.81342703,0.99974859,-0.02144235,0.00657582,-72.955933,35.567890,88.508446,-1.153285,2.659618,-0.575930,5.118610,-7.350163,2.765960
2026_06_09_10_21_22.174,3.200000,0.63432664,-0.32903334,-0.62325352,-0.31768215,0.02126622,0.81317091,-0.58163661,0.00711390,0.58163023,0.81342226,0.99974865,-0.02143621,0.00658417,-72.930946,35.568356,88.508446,-1.123504,3.586539,-0.304890,5.396847,-6.792564,3.504308
2026_06_09_10_21_22.194,3.220000,0.63432831,-0.32903001,-0.62325239,-0.31768444,0.02126610,0.81316996,-0.58163786,0.00710499,0.58163172,0.81342125,0.99974871,-0.02143091,0.00659144,-72.909203,35.568443,88.508453,-1.037485,3.925687,0.029101,5.734974,-6.532500,3.732273
2026_06_09_10_21_22.214,3.240000,0.63432842,-0.32902908,-0.62325054,-0.31768876,0.02126521,0.81317317,-0.58163339,0.00709710,0.58162743,0.81342441,0.99974877,-0.02142560,0.00659728,-72.890945,35.568127,88.508522,-0.873188,3.902635,0.034761,5.743888,-6.412478,3.617949
2026_06_09_10_21_22.234,3.260000,0.63432658,-0.32903114,-0.62324798,-0.31769538,0.02126318,0.81318122,-0.58162218,0.00709075,0.58161628,0.81343246,0.99974889,-0.02142039,0.00660092,-72.878143,35.567337,88.508682,-0.889292,3.822970,0.140150,5.848211,-6.474294,3.563195
2026_06_09_10_21_22.253,3.280000,0.63432336,-0.32903576,-0.62324423,-0.31770444,0.02126104,0.81319392,-0.58160448,0.00708458,0.58159876,0.81344509,0.99974895,-0.02141520,0.00660419,-72.866226,35.566093,88.508858,-0.783239,3.072642,0.337978,6.042734,-6.828880,2.892471
2026_06_09_10_21_22.272,3.300000,0.63431937,-0.32904196,-0.62323910,-0.31771606,0.02125901,0.81321049,-0.58158147,0.00707671,0.58157575,0.81346154,0.99974906,-0.02140924,0.00660878,-72.850517,35.564472,88.509026,-0.644637,2.902927,0.159200,5.865498,-6.811285,2.672613
2026_06_09_10_21_22.293,3.320000,0.63431484,-0.32904938,-0.62323278,-0.31772977,0.02125740,0.81323016,-0.58155406,0.00706729,0.58154857,0.81348103,0.99974918,-0.02140260,0.00661480,-72.830788,35.562538,88.509178,-0.632411,2.935842,-0.130642,5.575925,-6.776278,2.690343
2026_06_09_10_21_22.313,3.340000,0.63430995,-0.32905778,-0.62322581,-0.31774449,0.02125603,0.81325161,-0.58152407,0.00705764,0.58151883,0.81350237,0.99974924,-0.02139610,0.00662112,-72.810440,35.560429,88.509315,-0.604931,2.988580,-0.069635,5.637552,-6.724879,2.717651
2026_06_09_10_21_22.332,3.360000,0.63430506,-0.32906666,-0.62321877,-0.31775886,0.02125537,0.81327319,-0.58149397,0.00704893,0.58148885,0.81352389,0.99974930,-0.02139074,0.00662702,-72.791954,35.558308,88.509399,-0.652503,3.143673,0.326036,6.032886,-6.682160,2.874095
2026_06_09_10_21_22.349,3.380000,0.63430059,-0.32907525,-0.62321240,-0.31777135,0.02125537,0.81329262,-0.58146662,0.00704244,0.58146173,0.81354332,0.99974936,-0.02138716,0.00663155,-72.778175,35.556381,88.509438,-0.819401,3.157624,0.608039,6.311080,-6.816104,2.984361
2026_06_09_10_21_22.372,3.400000,0.63429677,-0.32908300,-0.62320763,-0.31778038,0.02125579,0.81330824,-0.58144498,0.00703993,0.58144003,0.81355888,0.99974942,-0.02138627,0.00663328,-72.773270,35.554859,88.509438,-0.825245,3.558910,0.650856,6.356368,-6.588682,3.314528
2026_06_09_10_21_22.391,3.420000,0.63430762,-0.32906568,-0.62321848,-0.31775531,0.02126062,0.81326884,-0.58149970,0.00705040,0.58149469,0.81351972,0.99974918,-0.02139577,0.00662899,-72.790962,35.558712,88.509026,-1.616773,3.448851,0.468094,6.156616,-7.291892,3.683999
2026_06_09_10_21_22.412,3.440000,0.63433927,-0.32901311,-0.62324888,-0.31768689,0.02127182,0.81315660,-0.58165616,0.00707158,0.58165085,0.81340784,0.99974877,-0.02141589,0.00662243,-72.822189,35.569733,88.508026,-1.917550,1.483913,0.776313,6.446052,-8.684172,2.262623
2026_06_09_10_21_22.432,3.460000,0.63437653,-0.32895145,-0.62328297,-0.31760943,0.02128518,0.81302762,-0.58183599,0.00709173,0.58183038,0.81327927,0.99974835,-0.02143705,0.00661862,-72.847466,35.582401,88.506851,-1.090389,0.187024,1.446694,7.126440,-8.778850,0.731243
2026_06_09_10_21_22.452,3.480000,0.63441151,-0.32889435,-0.62331432,-0.31753722,0.02129877,0.81290764,-0.58200318,0.00711060,0.58199728,0.81315970,0.99974793,-0.02145773,0.00661552,-72.870590,35.594181,88.505669,-0.590984,0.636185,1.903107,7.598195,-8.119959,0.809033
2026_06_09_10_21_22.471,3.500000,0.63444316,-0.32884282,-0.62334275,-0.31747156,0.02131128,0.81279892,-0.58215457,0.00712824,0.58214843,0.81305134,0.99974757,-0.02147695,0.00661242,-72.892586,35.604851,88.504585,-0.782535,0.583024,2.105028,7.797090,-8.309750,0.878703
2026_06_09_10_21_22.491,3.520000,0.63447124,-0.32879740,-0.62336797,-0.31741297,0.02132273,0.81270230,-0.58228898,0.00714472,0.58228254,0.81295514,0.99974716,-0.02149481,0.00660932,-72.913513,35.614323,88.503601,-0.874230,0.532454,2.284810,7.975828,-8.416522,0.892245
2026_06_09_10_21_22.510,3.540000,0.63449574,-0.32875854,-0.62338978,-0.31736141,0.02133381,0.81261837,-0.58240575,0.00716051,0.58239913,0.81287146,0.99974686,-0.02151206,0.00660598,-72.934555,35.622551,88.502670,0.171843,0.433251,2.444821,8.158546,-7.626765,0.203507
2026_06_09_10_21_22.530,3.560000,0.63451678,-0.32872611,-0.62340820,-0.31731677,0.02134454,0.81254673,-0.58250529,0.00717548,0.58249843,0.81280023,0.99974650,-0.02152872,0.00660270,-72.954971,35.629570,88.501778,1.065763,0.473082,2.489919,8.223982,-6.877495,-0.284557
2026_06_09_10_21_22.550,3.580000,0.63453448,-0.32869971,-0.62342346,-0.31727868,0.02135491,0.81248677,-0.58258855,0.00718969,0.58258146,0.81274056,0.99974620,-0.02154467,0.00659943,-72.974831,35.635437,88.500938,1.517266,0.403028,2.673894,8.417881,-6.554911,-0.603413
2026_06_09_10_21_22.570,3.600000,0.63454902,-0.32867861,-0.62343591,-0.31724700,0.02136397,0.81243765,-0.58265668,0.00720257,0.58264941,0.81269169,0.99974591,-0.02155903,0.00659603,-72.993782,35.640244,88.500206,1.459160,0.018838,2.968380,8.708971,-6.831922,-0.879941
2026_06_09_10_21_22.590,3.620000,0.63456041,-0.32866266,-0.62344563,-0.31722158,0.02137202,0.81239915,-0.58271003,0.00721410,0.58270264,0.81265342,0.99974561,-0.02157182,0.00659281,-73.011101,35.644005,88.499565,1.075371,-0.160013,2.854738,8.586399,-7.245195,-0.802453
2026_06_09_10_21_22.609,3.640000,0.63456893,-0.32865196,-0.62345260,-0.31720197,0.02137953,0.81237090,-0.58274919,0.00722483,0.58274162,0.81262541,0.99974543,-0.02158388,0.00658947,-73.028160,35.646763,88.498985,1.035360,-0.298709,2.629172,8.359422,-7.353451,-0.893345
2026_06_09_10_21_22.629,3.660000,0.63457423,-0.32864672,-0.62345701,-0.31718811,0.02138615,0.81235301,-0.58277386,0.00723541,0.58276606,0.81260777,0.99974519,-0.02159515,0.00658536,-73.046494,35.648502,88.498489,1.026965,-0.139799,2.615203,8.346672,-7.267244,-0.759404
2026_06_09_10_21_22.649,3.680000,0.63457608,-0.32864708,-0.62345916,-0.31717989,0.02139121,0.81234562,-0.58278406,0.00724652,0.58277607,0.81260055,0.99974501,-0.02160573,0.00657958,-73.068352,35.649223,88.498116,1.008531,-0.053157,2.854037,8.585781,-7.236853,-0.676652
2026_06_09_10_21_22.669,3.700000,0.63457489,-0.32865265,-0.62345880,-0.31717724,0.02139544,0.81234819,-0.58278036,0.00725734,0.58277208,0.81260329,0.99974489,-0.02161556,0.00657314,-73.091240,35.648964,88.497826,0.972563,-0.070064,3.212335,8.943062,-7.283720,-0.667026
2026_06_09_10_21_22.688,3.720000,0.63457048,-0.32866314,-0.62345612,-0.31718042,0.02139807,0.81236076,-0.58276266,0.00726742,0.58275425,0.81261599,0.99974471,-0.02162370,0.00656605,-73.114449,35.647713,88.497658,0.828239,-0.158446,3.179453,8.906286,-7.451894,-0.654893
2026_06_09_10_21_22.709,3.740000,0.63456309,-0.32867825,-0.62345123,-0.31718916,0.02139926,0.81238276,-0.58273196,0.00727665,0.58272326,0.81263810,0.99974465,-0.02163023,0.00655836,-73.137901,35.645550,88.497620,0.518929,-0.596271,2.826213,8.543030,-7.950877,-0.832685
2026_06_09_10_21_22.729,3.760000,0.63455313,-0.32869768,-0.62344420,-0.31720254,0.02139974,0.81241304,-0.58268952,0.00728559,0.58268076,0.81266844,0.99974442,-0.02163613,0.00655031,-73.161766,35.642559,88.497643,0.424340,-0.803983,2.278255,7.991254,-8.137170,-0.949900
2026_06_09_10_21_22.748,3.780000,0.63454050,-0.32872158,-0.62343544,-0.31722048,0.02139884,0.81245184,-0.58263564,0.00729489,0.58262658,0.81270730,0.99974453,-0.02164134,0.00654072,-73.188873,35.638760,88.497772,0.544467,-1.202160,1.983273,7.695477,-8.265510,-1.345357
2026_06_09_10_21_22.768,3.800000,0.63452524,-0.32874954,-0.62342495,-0.31724259,0.02139693,0.81249821,-0.58257103,0.00730446,0.58256173,0.81275368,0.99974442,-0.02164587,0.00653017,-73.217789,35.634205,88.497993,0.646970,-1.529356,2.582222,8.293430,-8.386164,-1.667029
2026_06_09_10_21_22.788,3.820000,0.63450801,-0.32878083,-0.62341279,-0.31726849,0.02139437,0.81255114,-0.58249724,0.00731355,0.58248776,0.81280661,0.99974442,-0.02164966,0.00651932,-73.246880,35.629002,88.498276,1.048923,-1.109337,3.079123,8.801136,-7.826038,-1.556487
2026_06_09_10_21_22.808,3.840000,0.63448888,-0.32881543,-0.62339896,-0.31729808,0.02139127,0.81261063,-0.58241439,0.00732219,0.58240467,0.81286603,0.99974442,-0.02165288,0.00650829,-73.275986,35.623161,88.498604,1.126715,-0.853388,2.726709,8.451526,-7.606565,-1.395940
2026_06_09_10_21_22.828,3.860000,0.63446802,-0.32885298,-0.62338358,-0.31733108,0.02138782,0.81267595,-0.58232331,0.00733027,0.58231342,0.81293136,0.99974442,-0.02165544,0.00649726,-73.304619,35.616741,88.498970,0.694445,-1.054847,2.584437,8.297665,-8.072586,-1.308791
2026_06_09_10_21_22.848,3.880000,0.63444573,-0.32889292,-0.62336695,-0.31736687,0.02138388,0.81274605,-0.58222556,0.00733784,0.58221543,0.81300139,0.99974442,-0.02165738,0.00648618,-73.332947,35.609852,88.499374,0.087380,-1.173279,2.584244,8.282653,-8.635465,-1.051555
2026_06_09_10_21_22.867,3.900000,0.63442224,-0.32893488,-0.62334925,-0.31740513,0.02137935,0.81282037,-0.58212203,0.00734484,0.58211166,0.81307572,0.99974447,-0.02165872,0.00647509,-73.360840,35.602554,88.499832,-0.165891,-1.227230,2.852445,8.543951,-8.879147,-0.946248
2026_06_09_10_21_22.887,3.920000,0.63439780,-0.32897818,-0.62333041,-0.31744599,0.02137446,0.81289828,-0.58201325,0.00735012,0.58200282,0.81315356,0.99974453,-0.02165860,0.00646508,-73.385078,35.594891,88.500320,-0.094799,-1.375129,3.135612,8.826407,-8.914208,-1.106102
2026_06_09_10_21_22.909,3.940000,0.63437265,-0.32902256,-0.62331069,-0.31748909,0.02136892,0.81297934,-0.58190036,0.00735378,0.58188969,0.81323445,0.99974465,-0.02165714,0.00645590,-73.406319,35.586937,88.500862,-0.149237,-1.268725,3.029730,8.719061,-8.894897,-0.988638
2026_06_09_10_21_22.927,3.960000,0.63434702,-0.32906744,-0.62329024,-0.31753385,0.02136302,0.81306237,-0.58178455,0.00735575,0.58177376,0.81331742,0.99974471,-0.02165440,0.00644779,-73.424034,35.578777,88.501434,-0.394191,-1.268973,2.726746,8.409782,-9.088314,-0.848350
2026_06_09_10_21_22.947,3.980000,0.63432151,-0.32911178,-0.62326968,-0.31757918,0.02135676,0.81314540,-0.58166862,0.00735617,0.58165777,0.81340033,0.99974489,-0.02165043,0.00644070,-73.438408,35.570610,88.502022,-0.497565,-1.525764,2.376308,8.054205,-9.314837,-0.999453
2026_06_09_10_21_22.966,4.000000,0.63429654,-0.32915485,-0.62324941,-0.31762427,0.02134997,0.81322706,-0.58155477,0.00735518,0.58154380,0.81348181,0.99974501,-0.02164528,0.00643450,-73.449753,35.562592,88.502655,-0.119740,-2.133235,2.096064,7.776519,-9.355436,-1.715284
2026_06_09_10_21_22.987,4.020000,0.63427162,-0.32919663,-0.62322974,-0.31766933,0.02134180,0.81330752,-0.58144253,0.00735298,0.58143151,0.81356210,0.99974519,-0.02163821,0.00642854,-73.459145,35.554684,88.503380,-0.068114,-2.389798,1.919685,7.598307,-9.459349,-1.955304
2026_06_09_10_21_23.006,4.040000,0.63424659,-0.32923752,-0.62321049,-0.31771466,0.02133214,0.81338745,-0.58133107,0.00734967,0.58132011,0.81364179,0.99974543,-0.02162933,0.00642270,-73.466942,35.546837,88.504204,-0.335784,-2.226791,1.554057,7.227178,-9.574903,-1.669570
2026_06_09_10_21_23.026,4.060000,0.63422161,-0.32927790,-0.62319148,-0.31776002,0.02132189,0.81346691,-0.58122027,0.00734580,0.58120924,0.81372100,0.99974573,-0.02161968,0.00641686,-73.474190,35.539032,88.505074,-0.117391,-1.931534,1.283836,6.962777,-9.220342,-1.558147
2026_06_09_10_21_23.045,4.080000,0.63419694,-0.32931787,-0.62317258,-0.31780493,0.02131188,0.81354558,-0.58111060,0.00734189,0.58109951,0.81379938,0.99974597,-0.02161011,0.00641131,-73.480774,35.531311,88.505920,0.171474,-1.910510,1.261179,6.945370,-8.973183,-1.709162
2026_06_09_10_21_23.065,4.100000,0.63417304,-0.32935682,-0.62315381,-0.31784904,0.02130270,0.81362247,-0.58100319,0.00733733,0.58099216,0.81387615,0.99974620,-0.02160075,0.00640684,-73.484909,35.523750,88.506714,0.219336,-2.220859,1.384962,7.066819,-9.117747,-1.988853
2026_06_09_10_21_23.085,4.120000,0.63415003,-0.32939464,-0.62313521,-0.31789219,0.02129412,0.81369746,-0.58089846,0.00733212,0.58088744,0.81395090,0.99974638,-0.02159160,0.00640333,-73.486870,35.516376,88.507454,0.542067,-2.069739,1.438648,7.127455,-8.768989,-2.053092
2026_06_09_10_21_23.105,4.140000,0.63412786,-0.32943144,-0.62311673,-0.31793448,0.02128643,0.81377071,-0.58079612,0.00732625,0.58078516,0.81402391,0.99974656,-0.02158272,0.00640094,-73.486259,35.509171,88.508133,0.872989,-1.836325,1.289154,6.985758,-8.361356,-2.056318
2026_06_09_10_21_23.126,4.160000,0.63410646,-0.32946688,-0.62309867,-0.31797603,0.02127856,0.81384206,-0.58069670,0.00731945,0.58068562,0.81409502,0.99974692,-0.02157328,0.00639921,-73.483635,35.502174,88.508812,0.881183,-1.730219,0.859541,6.556237,-8.284244,-1.977474
2026_06_09_10_21_23.144,4.180000,0.63408571,-0.32950053,-0.62308115,-0.31801689,0.02127028,0.81391108,-0.58060026,0.00731120,0.58058929,0.81416380,0.99974716,-0.02156252,0.00639856,-73.477448,35.495388,88.509521,0.970421,-1.737478,0.541944,6.239627,-8.209416,-2.037256
2026_06_09_10_21_23.165,4.200000,0.63406569,-0.32953233,-0.62306428,-0.31805694,0.02126133,0.81397760,-0.58050728,0.00730166,0.58049643,0.81423008,0.99974740,-0.02155045,0.00639868,-73.468399,35.488842,88.510277,0.961503,-1.270103,0.500161,6.200175,-7.944881,-1.651822
2026_06_09_10_21_23.185,4.220000,0.63404632,-0.32956246,-0.62304795,-0.31809628,0.02125204,0.81404197,-0.58041734,0.00729090,0.58040667,0.81429422,0.99974769,-0.02153727,0.00639969,-73.456360,35.482513,88.511047,1.094331,-0.862140,0.359023,6.063993,-7.597377,-1.397623
2026_06_09_10_21_23.204,4.240000,0.63402742,-0.32959157,-0.62303221,-0.31813461,0.02124250,0.81410444,-0.58033001,0.00728020,0.58031952,0.81435645,0.99974799,-0.02152398,0.00640053,-73.444656,35.476372,88.511833,1.261374,-0.940536,0.441821,6.148892,-7.509125,-1.557841
2026_06_09_10_21_23.224,4.260000,0.63400865,-0.32962009,-0.62301755,-0.31817120,0.02123243,0.81416476,-0.58024579,0.00727162,0.58023536,0.81441647,0.99974829,-0.02151150,0.00639945,-73.438194,35.470444,88.512650,1.477514,-0.697178,0.202278,5.914937,-7.187222,-1.486534
2026_06_09_10_21_23.244,4.280000,0.63398969,-0.32964778,-0.62300432,-0.31820613,0.02122092,0.81422281,-0.58016473,0.00726518,0.58015442,0.81447423,0.99974853,-0.02149901,0.00639594,-73.437714,35.464741,88.513565,1.946489,-0.888203,-0.149340,5.571165,-6.909056,-1.916337
2026_06_09_10_21_23.264,4.300000,0.63397092,-0.32967439,-0.62299234,-0.31823942,0.02120841,0.81427836,-0.58008730,0.00726017,0.58007693,0.81452942,0.99974883,-0.02148649,0.00639069,-73.441437,35.459293,88.514549,2.105927,-1.412437,-0.210152,5.509165,-7.082384,-2.436064
2026_06_09_10_21_23.284,4.320000,0.63395298,-0.32969958,-0.62298101,-0.31827128,0.02119613,0.81433117,-0.58001351,0.00725511,0.58000314,0.81458199,0.99974918,-0.02147412,0.00638568,-73.444695,35.454105,88.515511,2.544285,-1.812804,0.038573,5.763473,-6.963274,-3.014729
2026_06_09_10_21_23.303,4.340000,0.63393652,-0.32972261,-0.62296969,-0.31830233,0.02118480,0.81438136,-0.57994354,0.00724742,0.57993323,0.81463182,0.99974942,-0.02146101,0.00638354,-73.440392,35.449181,88.516396,2.605101,-1.924517,-0.128334,5.596386,-6.975184,-3.141961
2026_06_09_10_21_23.323,4.360000,0.63392216,-0.32974336,-0.62295812,-0.31833205,0.02117580,0.81442809,-0.57987821,0.00723714,0.57986808,0.81467831,0.99974966,-0.02144819,0.00638503,-73.427383,35.444588,88.517120,2.301939,-1.206037,-0.429178,5.293753,-6.799221,-2.382689
2026_06_09_10_21_23.343,4.380000,0.63390875,-0.32976291,-0.62294722,-0.31835979,0.02116764,0.81447190,-0.57981688,0.00722766,0.57980692,0.81472182,0.99974984,-0.02143648,0.00638640,-73.415459,35.440273,88.517769,2.178818,-0.717013,-0.547172,5.176109,-6.613688,-1.913563
2026_06_09_10_21_23.362,4.400000,0.63389564,-0.32978174,-0.62293744,-0.31838548,0.02115923,0.81451309,-0.57975918,0.00722048,0.57974935,0.81476289,0.99975008,-0.02142596,0.00638586,-73.409073,35.436214,88.518440,2.109271,-0.826605,-0.629699,5.090760,-6.732379,-1.962958
2026_06_09_10_21_23.382,4.420000,0.63388330,-0.32979941,-0.62292862,-0.31840900,0.02115130,0.81455123,-0.57970589,0.00721470,0.57969612,0.81480086,0.99975032,-0.02141652,0.00638455,-73.405380,35.432468,88.519066,2.077772,-0.721852,-0.178703,5.541199,-6.707225,-1.856371
2026_06_09_10_21_23.402,4.440000,0.63387191,-0.32981551,-0.62292063,-0.31843072,0.02114356,0.81458634,-0.57965702,0.00720918,0.57964718,0.81483567,0.99975055,-0.02140746,0.00638324,-73.401962,35.429031,88.519676,2.042592,-1.086069,0.134134,5.850098,-6.953931,-2.130669
2026_06_09_10_21_23.422,4.460000,0.63386196,-0.32982972,-0.62291288,-0.31845093,0.02113712,0.81461823,-0.57961237,0.00720251,0.57960272,0.81486738,0.99975073,-0.02139866,0.00638378,-73.394196,35.425892,88.520180,2.297113,-1.566628,0.137230,5.854668,-7.025389,-2.669714
2026_06_09_10_21_23.442,4.480000,0.63385385,-0.32984167,-0.62290531,-0.31846946,0.02113235,0.81464648,-0.57957292,0.00719407,0.57956332,0.81489551,0.99975085,-0.02139017,0.00638688,-73.380341,35.423119,88.520569,2.334297,-1.622159,0.068636,5.786093,-7.025962,-2.736938
2026_06_09_10_21_23.462,4.500000,0.63384742,-0.32985130,-0.62289834,-0.31848592,0.02112877,0.81467056,-0.57953906,0.00718471,0.57952970,0.81491947,0.99975097,-0.02138209,0.00639158,-73.362823,35.420738,88.520866,2.084977,-1.655048,0.032781,5.744418,-7.247491,-2.619484
2026_06_09_10_21_23.482,4.520000,0.63384205,-0.32985947,-0.62289226,-0.31850001,0.02112597,0.81469119,-0.57951009,0.00717643,0.57950097,0.81493998,0.99975109,-0.02137521,0.00639594,-73.347054,35.418701,88.521103,1.901983,-1.483771,-0.148451,5.560318,-7.293557,-2.375033
2026_06_09_10_21_23.502,4.540000,0.63383764,-0.32986593,-0.62288719,-0.31851208,0.02112323,0.81470841,-0.57948613,0.00716865,0.57947707,0.81495708,0.99975121,-0.02136868,0.00640005,-73.332123,35.417015,88.521324,1.785521,-1.118332,-0.346907,5.361842,-7.172535,-2.011018
2026_06_09_10_21_23.521,4.560000,0.63383436,-0.32987061,-0.62288278,-0.31852227,0.02112120,0.81472218,-0.57946676,0.00716072,0.57945788,0.81497073,0.99975127,-0.02136257,0.00640482,-73.315887,35.415653,88.521492,1.897754,-0.662452,-0.154963,5.559189,-6.821124,-1.703324
2026_06_09_10_21_23.546,4.580000,0.63383180,-0.32987398,-0.62287921,-0.31853080,0.02111924,0.81473321,-0.57945126,0.00715339,0.57944256,0.81498164,0.99975139,-0.02135682,0.00640935,-73.300491,35.414566,88.521652,1.698833,-0.109766,-0.254679,5.459100,-6.660889,-1.138292
2026_06_09_10_21_23.563,4.600000,0.63383013,-0.32987586,-0.62287664,-0.31853741,0.02111721,0.81474113,-0.57944036,0.00714672,0.57943165,0.81498957,0.99975157,-0.02135149,0.00641322,-73.287010,35.413799,88.521805,1.622920,0.532911,-0.423754,5.292947,-6.346805,-0.571635
2026_06_09_10_21_23.581,4.620000,0.63382936,-0.32987651,-0.62287480,-0.31854188,0.02111614,0.81474590,-0.57943368,0.00714114,0.57942510,0.81499428,0.99975169,-0.02134740,0.00641692,-73.274895,35.413330,88.521889,1.740146,0.955580,-0.344914,5.377191,-6.008117,-0.294605
2026_06_09_10_21_23.601,4.640000,0.63382906,-0.32987642,-0.62287384,-0.31854445,0.02111524,0.81474829,-0.57943046,0.00713733,0.57942194,0.81499648,0.99975169,-0.02134451,0.00641942,-73.266594,35.413101,88.521957,1.672058,1.173374,-0.407563,5.314638,-5.936082,-0.078072
2026_06_09_10_21_23.620,4.660000,0.63382900,-0.32987630,-0.62287366,-0.31854501,0.02111495,0.81474864,-0.57942986,0.00713640,0.57942140,0.81499696,0.99975169,-0.02134374,0.00642002,-73.264549,35.413059,88.521980,1.894678,0.789521,-0.563354,5.160839,-5.973795,-0.520908
2026_06_09_10_21_23.640,4.680000,0.63382870,-0.32987657,-0.62287444,-0.31854382,0.02111453,0.81474781,-0.57943106,0.00713894,0.57942259,0.81499612,0.99975169,-0.02134487,0.00641775,-73.270966,35.413143,88.522011,2.119742,0.348097,-0.684661,5.041176,-6.043599,-1.011835
2026_06_09_10_21_23.660,4.700000,0.63382900,-0.32987624,-0.62287557,-0.31854138,0.02111483,0.81474525,-0.57943475,0.00714219,0.57942611,0.81499350,0.99975169,-0.02134696,0.00641537,-73.278381,35.413403,88.521980,2.154628,0.248582,-0.747304,4.978613,-6.071476,-1.113538
2026_06_09_10_21_23.679,4.720000,0.63383079,-0.32987469,-0.62287635,-0.31853795,0.02111727,0.81474060,-0.57944119,0.00714397,0.57943249,0.81498897,0.99975157,-0.02134997,0.00641549,-73.280312,35.413857,88.521805,1.682304,0.390923,-0.842521,4.874530,-6.371750,-0.724475
2026_06_09_10_21_23.699,4.740000,0.63383347,-0.32987279,-0.62287700,-0.31853327,0.02112162,0.81473446,-0.57944965,0.00714624,0.57944101,0.81498289,0.99975145,-0.02135471,0.00641638,-73.281616,35.414452,88.521484,1.175404,0.310744,-0.734052,4.971784,-6.833457,-0.495427
2026_06_09_10_21_23.720,4.760000,0.63383645,-0.32987082,-0.62287813,-0.31852716,0.02112651,0.81472689,-0.57946008,0.00715041,0.57945138,0.81497550,0.99975139,-0.02136108,0.00641608,-73.287064,35.415184,88.521126,1.093323,0.110396,-0.851305,4.851503,-7.013847,-0.611906
2026_06_09_10_21_23.739,4.780000,0.63383996,-0.32986814,-0.62287968,-0.31851986,0.02113199,0.81471753,-0.57947296,0.00715509,0.57946420,0.81496632,0.99975115,-0.02136812,0.00641584,-73.292847,35.416092,88.520721,0.822065,0.584788,-1.319961,4.380759,-6.949851,-0.071126
2026_06_09_10_21_23.759,4.800000,0.63384384,-0.32986519,-0.62288177,-0.31851107,0.02113795,0.81470656,-0.57948816,0.00716147,0.57947934,0.81495553,0.99975097,-0.02137655,0.00641447,-73.302444,35.417160,88.520287,0.774839,1.035329,-1.379100,4.324021,-6.725865,0.323029
2026_06_09_10_21_23.779,4.820000,0.63384843,-0.32986161,-0.62288427,-0.31850076,0.02114493,0.81469363,-0.57950610,0.00716883,0.57949716,0.81494272,0.99975079,-0.02138630,0.00641298,-73.313293,35.418419,88.519775,1.071233,0.729876,-1.286391,4.420974,-6.663240,-0.097076
2026_06_09_10_21_23.798,4.840000,0.63385463,-0.32985607,-0.62288642,-0.31848991,0.02115333,0.81467831,-0.57952720,0.00717312,0.57951832,0.81492770,0.99975055,-0.02139553,0.00641495,-73.315269,35.419903,88.519150,0.320367,1.273621,-1.897277,3.798476,-6.946616,0.777210
2026_06_09_10_21_23.818,4.860000,0.63386101,-0.32984981,-0.62288904,-0.31847855,0.02116126,0.81466198,-0.57954997,0.00717738,0.57954103,0.81491148,0.99975032,-0.02140427,0.00641668,-73.317459,35.421505,88.518570,-0.566151,2.193106,-2.396054,3.287894,-7.125074,2.037041
2026_06_09_10_21_23.838,4.880000,0.63386738,-0.32984328,-0.62289226,-0.31846637,0.02116883,0.81464452,-0.57957423,0.00718278,0.57956517,0.81489426,0.99975014,-0.02141333,0.00641727,-73.322662,35.423210,88.518005,-0.890019,1.975173,-2.380980,3.294790,-7.515286,2.047220
2026_06_09_10_21_23.858,4.900000,0.63387394,-0.32983640,-0.62289578,-0.31845361,0.02117634,0.81462628,-0.57959962,0.00718850,0.57959050,0.81487620,0.99975002,-0.02142256,0.00641763,-73.328583,35.424995,88.517441,-1.120620,1.955483,-2.093466,3.577461,-7.720447,2.166659
2026_06_09_10_21_23.878,4.920000,0.63387984,-0.32983002,-0.62289977,-0.31844062,0.02118289,0.81460822,-0.57962465,0.00719592,0.57961547,0.81485838,0.99974978,-0.02143204,0.00641608,-73.339348,35.426758,88.516945,-0.984386,1.851337,-1.768530,3.904704,-7.676535,2.004927
2026_06_09_10_21_23.898,4.940000,0.63388538,-0.32982346,-0.62290424,-0.31842759,0.02118838,0.81459010,-0.57965004,0.00720367,0.57964069,0.81484032,0.99974954,-0.02144077,0.00641358,-73.351898,35.428543,88.516525,-0.960858,1.931617,-1.690196,3.984354,-7.612257,2.057227
2026_06_09_10_21_23.917,4.960000,0.63389057,-0.32981625,-0.62290943,-0.31841460,0.02119195,0.81457132,-0.57967621,0.00721127,0.57966673,0.81482172,0.99974948,-0.02144790,0.00641012,-73.365601,35.430382,88.516243,-1.258267,2.415814,-1.531400,4.140567,-7.576989,2.625210
2026_06_09_10_21_23.938,4.980000,0.63389552,-0.32980874,-0.62291509,-0.31840146,0.02119464,0.81455219,-0.57970297,0.00721920,0.57969344,0.81480277,0.99974930,-0.02145442,0.00640601,-73.380470,35.432262,88.516022,-1.665283,2.800683,-1.321551,4.344793,-7.689637,3.176129
2026_06_09_10_21_23.957,5.000000,0.63390034,-0.32980120,-0.62292105,-0.31838796,0.02119690,0.81453264,-0.57973027,0.00722775,0.57972056,0.81478333,0.99974918,-0.02146107,0.00640106,-73.397461,35.434185,88.515823,-2.064273,2.518934,-1.086446,4.569633,-8.182700,3.179423
2026_06_09_10_21_23.977,5.020000,0.63390529,-0.32979357,-0.62292701,-0.31837431,0.02119946,0.81451297,-0.57975781,0.00723633,0.57974803,0.81476367,0.99974906,-0.02146789,0.00639629,-73.414139,35.436119,88.515610,-2.348387,2.121607,-0.786361,4.861031,-8.650597,3.022391
2026_06_09_10_21_24.002,5.040000,0.63391042,-0.32978591,-0.62293297,-0.31836063,0.02120203,0.81449330,-0.57978570,0.00724480,0.57977551,0.81474411,0.99974906,-0.02147478,0.00639153,-73.430855,35.438080,88.515388,-2.270691,2.122034,-0.747432,4.901886,-8.587601,2.978014
2026_06_09_10_21_24.016,5.060000,0.63391578,-0.32977805,-0.62293851,-0.31834704,0.02120554,0.81447327,-0.57981336,0.00725248,0.57980323,0.81472427,0.99974883,-0.02148175,0.00638807,-73.444412,35.440025,88.515106,-2.132506,1.500465,-0.655338,4.992659,-8.837115,2.392131
2026_06_09_10_21_24.036,5.080000,0.63392204,-0.32976931,-0.62294352,-0.31833401,0.02120966,0.81445324,-0.57984173,0.00725743,0.57983130,0.81470430,0.99974883,-0.02148783,0.00638711,-73.451180,35.442020,88.514786,-2.094372,0.592092,-0.560068,5.082397,-9.334522,1.630612
2026_06_09_10_21_24.056,5.100000,0.63392836,-0.32976028,-0.62294829,-0.31832147,0.02121377,0.81443322,-0.57986963,0.00726122,0.57985920,0.81468439,0.99974871,-0.02149317,0.00638717,-73.454918,35.443985,88.514458,-2.457762,0.084471,-0.725015,4.906365,-9.921026,1.426773
2026_06_09_10_21_24.076,5.120000,0.63393456,-0.32975128,-0.62295270,-0.31830975,0.02121764,0.81441402,-0.57989633,0.00726381,0.57988596,0.81466532,0.99974859,-0.02149761,0.00638801,-73.456108,35.445862,88.514153,-2.683614,-0.294109,-0.689027,4.935054,-10.325030,1.249614
2026_06_09_10_21_24.096,5.140000,0.63394082,-0.32974210,-0.62295687,-0.31829861,0.02122146,0.81439519,-0.57992268,0.00726527,0.57991230,0.81464660,0.99974847,-0.02150133,0.00638974,-73.454582,35.447716,88.513847,-2.918950,-0.321435,-0.821359,4.797811,-10.529459,1.363041
2026_06_09_10_21_24.115,5.160000,0.63394612,-0.32973361,-0.62296176,-0.31828722,0.02122378,0.81437677,-0.57994843,0.00726897,0.57993799,0.81462824,0.99974835,-0.02150515,0.00638878,-73.459694,35.449524,88.513649,-3.183569,-0.235784,-1.183154,4.431356,-10.687279,1.584060
