UTC_Time,Vin,TC1,TC2,Rh1,Vh1,Ah1,Acp1,Dty1,Err1,Rh2,Vh2,Ah2,Acp2,Dty2,Err2,Accel_x,Accel_y,Accel_z,gyro_x,gyro_y,gyro_z,Temp_c,Accel_x_h,Accel_y_h,Accel_z_h,gyro_x_h,gyro_y_h,gyro_z_h,
2026_06_09_10_17_37.105,3.882,23.7,0,0.751,0.636,0.846,0.02,0.05, ,0,0,0,0,0, ,-35.7,56.5,1001.7,-0.7,-0.4,-1.7,25,-1.28837,2.03901,36.1501,-0.0252621,-0.0144355,-0.0613508,
2026_06_09_10_17_37.126,3.868,23.7,0,0.752,3.934,5.231,1.07,0.052, ,0,0,0,0,0, ,-35,56.5,999.3,-0.5,-0.5,-1.7,25,-1.22299,1.9627,34.7383,-0.0194124,-0.0163474,-0.0590548,
2026_06_09_10_17_37.145,3.876,24,0,0.754,3.923,5.202,1.06,0.052, ,0,0,0,0,0, ,-35.5,57.7,1002.5,-0.5,-0.5,-1.7,25,-1.14988,1.90989,33.2442,-0.00884953,-0.0205372,-0.0565804,
2026_06_09_10_17_37.165,3.868,23.8,0,0.752,3.922,5.215,1.02,0.05, ,0,0,0,0,0, ,-33.8,57.2,1001,-0.6,-0.4,-1.8,25,-1.04527,1.86742,31.7013,-0.00121328,-0.0219681,-0.0564006,
2026_06_09_10_17_37.185,3.866,23.8,0,0.754,3.923,5.202,1.06,0.052, ,0,0,0,0,0, ,-34.6,56.7,1002.3,-0.6,-0.3,-1.7,25,-0.918562,1.79331,30.0729,0.00360228,-0.0183162,-0.0559517,
2026_06_09_10_17_37.205,3.868,23.9,0,0.754,3.915,5.192,1.07,0.053, ,0,0,0,0,0, ,-34.6,55.9,999.7,-0.6,-0.5,-1.6,25,-0.813163,1.68212,28.3442,0.00816391,-0.0172053,-0.0503448,
2026_06_09_10_17_37.225,3.876,24,0,0.754,3.916,5.193,1.07,0.053, ,0,0,0,0,0, ,-35.8,59,1001,-0.5,-0.5,-1.6,25,-0.738351,1.62449,26.5288,0.0149138,-0.0209685,-0.0423125,
2026_06_09_10_17_37.245,3.866,23.9,0,0.755,3.928,5.202,1.06,0.052, ,0,0,0,0,0, ,-35.6,60.1,1001.4,-1,-0.5,-1.2,25,-0.688091,1.66467,24.7133,0.0114504,-0.0244437,-0.024657,
2026_06_09_10_17_37.264,3.868,23.9,0,0.754,3.911,5.187,1.09,0.054, ,0,0,0,0,0, ,-34.6,51.8,1000.4,-0.7,-0.4,-1.5,25,-0.607478,1.51812,22.8504,0.0031962,-0.0251759,-0.00529374,
2026_06_09_10_17_37.284,3.865,24,0,0.754,3.915,5.192,1.09,0.054, ,0,0,0,0,0, ,-35.5,57.6,999.5,0,-0.4,-2.1,25,-0.525374,1.30997,20.9197,0.0198526,-0.023296,-0.00892345,
2026_06_09_10_17_37.304,3.868,24,0,0.753,3.91,5.192,1.09,0.054, ,0,0,0,0,0, ,-28.4,54.5,1002.9,-1.5,-0.5,-2.3,25,-0.292672,1.17178,19.0418,0.0159771,-0.0238455,-0.0319485,
2026_06_09_10_17_37.324,3.866,23.9,0,0.754,3.917,5.194,1.11,0.055, ,0,0,0,0,0, ,-35.7,56.7,1001,-0.9,-0.5,-1.8,25,-0.0748456,1.01253,17.199,-0.00985662,-0.0267028,-0.0463303,
2026_06_09_10_17_37.344,3.868,23.9,0,0.754,3.912,5.188,1.13,0.056, ,0,0,0,0,0, ,-35.7,58.1,1001.4,-0.6,-0.4,-1.8,25,-0.0463406,0.944375,15.325,-0.0123053,-0.0268362,-0.0475177,
2026_06_09_10_17_37.364,3.866,24,0,0.755,3.915,5.185,1.15,0.057, ,0,0,0,0,0, ,-36.1,57.2,1001.8,-0.6,-0.5,-1.7,25,-0.0288138,0.887168,13.487,-0.0072168,-0.0268308,-0.0459605,
2026_06_09_10_17_37.384,3.874,23.9,0,0.754,3.909,5.184,1.15,0.057, ,0,0,0,0,0, ,-35.1,56.7,999.8,-0.6,-0.5,-1.7,25,0.00270844,0.794065,11.6334,-0.00234227,-0.0291456,-0.041801,
2026_06_09_10_17_37.403,3.874,24,0,0.753,3.915,5.199,1.18,0.058, ,0,0,0,0,0, ,-35.8,58.1,1001.3,-0.6,-0.5,-1.7,25,0.0400279,0.723683,9.80115,0.00230474,-0.0312032,-0.0376395,
2026_06_09_10_17_37.423,3.866,24.3,0,0.754,3.921,5.2,1.18,0.058, ,0,0,0,0,0, ,-35.6,57.2,1002.3,-0.6,-0.5,-1.7,25,0.0630589,0.665448,8.07176,0.00671249,-0.0330062,-0.0334966,
2026_06_09_10_17_37.443,3.876,24.3,0,0.753,3.909,5.191,1.13,0.056, ,0,0,0,0,0, ,-35.5,55.9,1001.9,-0.7,-0.4,-1.8,25,0.0920062,0.552841,6.40212,0.00841883,-0.0321058,-0.031844,
2026_06_09_10_17_37.462,3.868,24.3,0,0.755,3.926,5.2,1.16,0.057, ,0,0,0,0,0, ,-35,55.7,1001,-0.7,-0.5,-1.8,25,0.133793,0.406251,4.75093,0.00754783,-0.0310915,-0.0325676,
2026_06_09_10_17_37.482,3.865,24.4,0,0.754,3.911,5.187,1.15,0.057, ,0,0,0,0,0, ,-35.4,56.8,1000.3,-0.6,-0.5,-1.7,25,0.175324,0.286916,3.11808,0.00913451,-0.0324258,-0.0306431,
2026_06_09_10_17_37.502,3.868,24.3,0,0.754,3.91,5.185,1.15,0.057, ,0,0,0,0,0, ,-36.6,57.6,1000.6,-0.6,-0.5,-1.8,25,0.174719,0.218612,1.54013,0.0130505,-0.0335348,-0.0286619,
2026_06_09_10_17_37.523,3.865,24.3,0,0.754,3.912,5.188,1.17,0.058, ,0,0,0,0,0, ,-35,56.2,1001.4,-0.6,-0.4,-1.8,25,0.183091,0.137867,0.0589511,0.0167102,-0.031972,-0.0290889,
2026_06_09_10_17_37.542,3.867,24.5,0,0.755,3.911,5.18,1.19,0.059, ,0,0,0,0,0, ,-34.3,56.8,1000.1,-0.5,-0.5,-1.8,25,0.24655,0.0407849,-1.36214,0.0225601,-0.0303284,-0.0293515,
2026_06_09_10_17_37.562,3.868,24.3,0,0.756,3.914,5.177,1.17,0.058, ,0,0,0,0,0, ,-35,57,999.2,-0.6,-0.5,-1.8,25,0.305682,-0.0321194,-2.76076,0.028012,-0.031068,-0.0294566,
2026_06_09_10_17_37.581,3.866,24.4,0,0.755,3.908,5.176,1.21,0.06, ,0,0,0,0,0, ,-36.2,57.4,987,-0.6,-0.6,-1.8,25,0.313816,-0.086577,-4.39843,0.0306063,-0.0340704,-0.0294113,
2026_06_09_10_17_37.601,3.874,24.4,0,0.756,3.911,5.173,1.21,0.06, ,0,0,0,0,0, ,-35.5,55.4,1035.8,-0.8,-0.4,-1.7,25,0.307744,-0.177172,-5.0366,0.0280182,-0.0343054,-0.0267712,
2026_06_09_10_17_37.621,3.866,24.6,0,0.754,3.912,5.188,1.21,0.06, ,0,0,0,0,0, ,-35.2,57.9,992.3,-0.6,-0.5,-1.9,25,0.324975,-0.250189,-5.4887,0.0254189,-0.0319078,-0.0265808,
2026_06_09_10_17_37.641,3.874,24.5,0,0.755,3.912,5.181,1.19,0.059, ,0,0,0,0,0, ,-35.2,56,1008.6,-0.7,-0.4,-1.7,25,0.347115,-0.30368,-6.55856,0.0252741,-0.0294704,-0.0262687,
2026_06_09_10_17_37.662,3.865,24.7,0,0.755,3.916,5.186,1.23,0.061, ,0,0,0,0,0, ,-36.1,60.3,993.4,-0.8,-0.5,-1.8,25,0.34439,-0.294199,-7.51665,0.0201074,-0.0270074,-0.0233903,
2026_06_09_10_17_37.681,3.874,24.6,0,0.756,3.911,5.173,1.21,0.06, ,0,0,0,0,0, ,-36.1,57.3,1008.4,-0.7,-0.5,-1.7,25,0.318032,-0.251855,-8.39561,0.015095,-0.0269842,-0.0205378,
2026_06_09_10_17_37.700,3.866,24.5,0,0.755,3.914,5.184,1.23,0.061, ,0,0,0,0,0, ,-35.2,57,999.3,-0.7,-0.5,-1.8,25,0.313468,-0.291267,-9.04542,0.0127063,-0.0268291,-0.017724,
2026_06_09_10_17_37.720,3.867,24.6,0,0.755,3.907,5.174,1.25,0.062, ,0,0,0,0,0, ,-36.4,57.3,1000.4,-0.6,-0.4,-1.8,25,0.300227,-0.327312,-9.81495,0.0128242,-0.0240973,-0.017413,
2026_06_09_10_17_37.740,3.874,24.6,0,0.755,3.908,5.176,1.25,0.062, ,0,0,0,0,0, ,-35,58.4,1005.9,-0.8,-0.4,-1.8,25,0.29106,-0.325645,-10.3365,0.0104209,-0.0189286,-0.0170314,
2026_06_09_10_17_37.761,3.867,24.7,0,0.754,3.912,5.188,1.27,0.063, ,0,0,0,0,0, ,-34.9,57.4,996.9,-0.7,-0.4,-1.8,25,0.31769,-0.320003,-10.8674,0.00563206,-0.01392,-0.0165846,
2026_06_09_10_17_37.781,3.865,24.7,0,0.755,3.911,5.18,1.25,0.062, ,0,0,0,0,0, ,-34.3,57.1,1002.8,-0.7,-0.5,-1.7,25,0.358614,-0.344939,-11.3947,0.00350245,-0.0115407,-0.0136258,
2026_06_09_10_17_37.800,3.867,24.8,0,0.755,3.906,5.173,1.27,0.063, ,0,0,0,0,0, ,-36.9,57.4,999.2,-0.7,-0.4,-1.9,25,0.34672,-0.366951,-11.7836,0.00146001,-0.00922112,-0.0131972,
2026_06_09_10_17_37.820,3.864,24.9,0,0.756,3.91,5.171,1.27,0.063, ,0,0,0,0,0, ,-35.4,56.7,1003.9,-0.9,-0.5,-1.8,25,0.306727,-0.395885,-12.0684,-0.00539377,-0.00696989,-0.0151766,
2026_06_09_10_17_37.840,3.868,24.8,0,0.756,3.906,5.166,1.25,0.062, ,0,0,0,0,0, ,-35.8,57.6,1000.8,-0.7,-0.5,-1.8,25,0.294158,-0.416544,-12.2405,-0.0118848,-0.00724688,-0.0145321,
2026_06_09_10_17_37.860,3.865,24.8,0,0.756,3.908,5.169,1.29,0.064, ,0,0,0,0,0, ,-34.1,53.2,1004.1,-0.3,-0.4,-1.6,25,0.312633,-0.519962,-12.3389,-0.00328603,-0.00502241,-0.00894319,
2026_06_09_10_17_37.880,3.865,24.9,0,0.754,3.9,5.172,1.29,0.064, ,0,0,0,0,0, ,-34.9,57.8,1002.3,-0.6,-0.5,-1.7,25,0.350731,-0.610842,-12.3349,0.00735943,-0.00288228,-0.00113218,
2026_06_09_10_17_37.900,3.874,24.9,0,0.754,3.905,5.179,1.29,0.064, ,0,0,0,0,0, ,-35.1,57,1001.8,-0.6,-0.4,-1.7,25,0.360711,-0.601073,-12.3267,0.01009,-0.000832911,0.00384918,
2026_06_09_10_17_37.919,3.865,25,0,0.755,3.916,5.186,1.29,0.064, ,0,0,0,0,0, ,-36,56.3,999.7,-0.6,-0.4,-1.8,25,0.341449,-0.625602,-12.3219,0.012637,0.00357222,0.00611511,
2026_06_09_10_17_37.939,3.874,24.9,0,0.756,3.908,5.169,1.29,0.064, ,0,0,0,0,0, ,-35.8,56,1002,-0.6,-0.4,-1.7,25,0.304285,-0.670367,-12.2517,0.0149968,0.0077437,0.00823978,
2026_06_09_10_17_37.959,3.865,25,0,0.754,3.908,5.183,1.31,0.065, ,0,0,0,0,0, ,-36,58.2,1001.5,-0.7,-0.5,-1.8,25,0.267443,-0.663042,-12.0805,0.0147148,0.00922028,0.0102196,
2026_06_09_10_17_37.979,3.876,25,0,0.756,3.91,5.171,1.31,0.065, ,0,0,0,0,0, ,-35.2,55.6,1000.3,-0.6,-0.4,-1.8,25,0.245803,-0.662617,-11.8998,0.0143741,0.010579,0.00959987,
2026_06_09_10_17_37.999,3.867,25,0,0.755,3.913,5.182,1.31,0.065, ,0,0,0,0,0, ,-34.4,57.1,1002.3,-0.6,-0.5,-1.8,25,0.263248,-0.685921,-11.6497,0.0164314,0.0118189,0.00896318,
2026_06_09_10_17_38.018,3.875,25.1,0,0.758,3.914,5.163,1.33,0.066, ,0,0,0,0,0, ,-34.7,56.3,1003.4,-0.7,-0.5,-1.7,25,0.290801,-0.687537,-11.2784,0.0158547,0.0104877,0.0107657,
2026_06_09_10_17_38.038,3.867,25.2,0,0.754,3.904,5.177,1.33,0.066, ,0,0,0,0,0, ,-34.3,56.8,999.8,-0.5,-0.5,-1.8,25,0.318021,-0.693041,-10.9311,0.0176802,0.00917001,0.0124268,
2026_06_09_10_17_38.058,3.867,25.1,0,0.756,3.912,5.174,1.31,0.065, ,0,0,0,0,0, ,-35.6,57,1001.5,-0.6,-0.5,-1.7,25,0.32027,-0.677695,-10.5935,0.0217813,0.00787177,0.0139451,
2026_06_09_10_17_38.078,3.865,25.2,0,0.755,3.903,5.169,1.35,0.067, ,0,0,0,0,0, ,-35.6,56.6,1003.2,-0.6,-0.5,-1.8,25,0.288951,-0.664666,-10.1369,0.0231218,0.00659841,0.0153203,
2026_06_09_10_17_38.098,3.873,25.3,0,0.755,3.904,5.17,1.33,0.066, ,0,0,0,0,0, ,-36.3,56.6,999.7,-0.6,-0.5,-1.8,25,0.24058,-0.658809,-9.69683,0.0242825,0.00535498,0.0141004,
2026_06_09_10_17_38.117,3.865,25.4,0,0.754,3.909,5.184,1.33,0.066, ,0,0,0,0,0, ,-35.1,57,1001.2,-0.7,-0.4,-1.7,25,0.205656,-0.640184,-9.27963,0.0228145,0.0065983,0.0153229,
2026_06_09_10_17_38.137,3.874,25.3,0,0.755,3.906,5.173,1.33,0.066, ,0,0,0,0,0, ,-35.5,58.2,1002,-0.7,-0.4,-1.8,25,0.191049,-0.580083,-8.78076,0.0188539,0.0102003,0.01641,
2026_06_09_10_17_38.157,3.866,25.4,0,0.754,3.91,5.185,1.35,0.067, ,0,0,0,0,0, ,-34.5,57.7,1000.8,-0.6,-0.5,-1.8,25,0.190929,-0.502905,-8.27289,0.0174468,0.0111232,0.0149108,
2026_06_09_10_17_38.177,3.873,25.4,0,0.756,3.909,5.17,1.35,0.067, ,0,0,0,0,0, ,-35.4,56.8,1002.9,-0.6,-0.5,-1.7,25,0.192327,-0.461364,-7.72708,0.0184749,0.00949385,0.0158637,
2026_06_09_10_17_38.197,3.865,25.5,0,0.757,3.914,5.17,1.35,0.067, ,0,0,0,0,0, ,-35.6,57,1000.8,-0.6,-0.5,-1.7,25,0.165734,-0.436752,-7.16997,0.0193615,0.00789763,0.0191439,
2026_06_09_10_17_38.217,3.867,25.5,0,0.755,3.898,5.162,1.34,0.067, ,0,0,0,0,0, ,-34.5,58.9,1001.7,-0.6,-0.5,-1.7,25,0.161698,-0.359699,-6.63426,0.0201092,0.00634077,0.0221689,
2026_06_09_10_17_38.236,3.864,25.6,0,0.755,3.905,5.172,1.35,0.067, ,0,0,0,0,0, ,-35.2,56.7,1000.3,-0.6,-0.4,-1.7,25,0.166872,-0.292008,-6.1044,0.0207211,0.00728118,0.0249362,
2026_06_09_10_17_38.256,3.868,25.7,0,0.755,3.902,5.168,1.35,0.067, ,0,0,0,0,0, ,-35.2,56.2,1002.9,-0.6,-0.5,-1.7,25,0.153805,-0.292407,-5.541,0.0212009,0.00813959,0.027445,
2026_06_09_10_17_38.276,3.865,25.6,0,0.757,3.912,5.167,1.33,0.066, ,0,0,0,0,0, ,-34.5,56.1,1002.6,-0.6,-0.5,-1.7,25,0.157785,-0.306058,-4.92154,0.0215527,0.00646362,0.0296955,
2026_06_09_10_17_38.296,3.873,25.7,0,0.756,3.9,5.158,1.36,0.068, ,0,0,0,0,0, ,-35.5,58.1,1001.4,-0.6,-0.4,-1.8,25,0.153437,-0.27094,-4.34498,0.021781,0.00729015,0.029237,
2026_06_09_10_17_38.316,3.866,25.7,0,0.755,3.909,5.177,1.35,0.067, ,0,0,0,0,0, ,-36.3,58.7,999.3,-0.7,-0.4,-1.8,25,0.104406,-0.172453,-3.8562,0.0194386,0.0104924,0.0262048,
2026_06_09_10_17_38.336,3.864,25.7,0,0.758,3.912,5.16,1.37,0.068, ,0,0,0,0,0, ,-36,57.9,1000.9,-0.7,-0.4,-1.8,25,0.0450049,-0.0828506,-3.38466,0.0146631,0.0134858,0.0231922,
2026_06_09_10_17_38.360,3.867,26,0,0.757,3.899,5.15,1.36,0.068, ,0,0,0,0,0, ,-35.7,57.6,1002.1,-0.7,-0.4,-1.8,25,0.00300799,-0.024208,-2.8509,0.0100496,0.016266,0.0202131,
2026_06_09_10_17_38.376,3.866,25.9,0,0.755,3.901,5.166,1.33,0.066, ,0,0,0,0,0, ,-35.7,56.1,1002,-0.8,-0.5,-1.7,25,-0.0295876,-0.0124611,-2.30229,0.00316066,0.0163776,0.0197325,
2026_06_09_10_17_38.395,3.864,26.2,0,0.757,3.909,5.163,1.35,0.067, ,0,0,0,0,0, ,-35,56.2,1002,-0.6,-0.5,-1.8,25,-0.0432736,-0.0355591,-1.77169,-0.000953855,0.0139508,0.0191783,
2026_06_09_10_17_38.415,3.867,26,0,0.758,3.906,5.153,1.3,0.065, ,0,0,0,0,0, ,-35.1,57.4,999.8,-0.6,-0.4,-1.7,25,-0.0413621,-0.0254709,-1.31233,4.24393e-05,0.0140264,0.0185568,
2026_06_09_10_17_38.434,3.865,26.2,0,0.757,3.903,5.155,1.34,0.067, ,0,0,0,0,0, ,-35.4,57,1001,-0.7,-0.5,-1.8,25,-0.0491492,0.00386542,-0.893557,-0.0014625,0.0140291,0.0178743,
2026_06_09_10_17_38.455,3.873,26.1,0,0.758,3.907,5.154,1.32,0.066, ,0,0,0,0,0, ,-34.9,58.1,1002,-0.6,-0.5,-1.8,25,-0.051408,0.0489089,-0.436968,-0.00288642,0.0115105,0.014685,
2026_06_09_10_17_38.475,3.865,26.1,0,0.758,3.911,5.159,1.35,0.067, ,0,0,0,0,0, ,-34.9,56.8,1001.4,-0.7,-0.5,-1.8,25,-0.0410417,0.086598,0.00919155,-0.00422628,0.00905861,0.0115798,
2026_06_09_10_17_38.495,3.874,26.2,0,0.758,3.903,5.149,1.36,0.068, ,0,0,0,0,0, ,-35.4,57.1,1000.6,-0.7,-0.5,-1.8,25,-0.0432425,0.0974903,0.399094,-0.00793176,0.00668234,0.00856973,
2026_06_09_10_17_38.514,3.866,26.2,0,0.757,3.91,5.165,1.35,0.067, ,0,0,0,0,0, ,-34.9,56.3,1001.7,-0.6,-0.4,-1.7,25,-0.0451222,0.0951071,0.775263,-0.00896427,0.00684185,0.00811725,
2026_06_09_10_17_38.538,3.864,26.2,0,0.759,3.909,5.15,1.36,0.068, ,0,0,0,0,0, ,-35.6,57.3,1000.3,-0.6,-0.5,-1.7,25,-0.0515915,0.0972765,1.12181,-0.0074498,0.00695982,0.0100991,
2026_06_09_10_17_38.554,3.864,26.4,0,0.758,3.899,5.143,1.36,0.068, ,0,0,0,0,0, ,-36.4,55.1,1001,-0.7,-0.4,-1.8,25,-0.0942718,0.0694341,1.42866,-0.00842505,0.00703769,0.00948187,
2026_06_09_10_17_38.574,3.867,26.5,0,0.758,3.902,5.147,1.34,0.067, ,0,0,0,0,0, ,-35.5,57.1,1001.3,-0.6,-0.5,-1.8,25,-0.131942,0.0377106,1.73795,-0.00931094,0.00707707,0.00639599,
2026_06_09_10_17_38.594,3.864,26.4,0,0.758,3.906,5.153,1.32,0.066, ,0,0,0,0,0, ,-34.9,57.2,1001.8,-0.7,-0.4,-1.8,25,-0.130332,0.0588525,2.04312,-0.0101075,0.00707964,0.00342994,
2026_06_09_10_17_38.613,3.866,26.4,0,0.758,3.902,5.147,1.34,0.067, ,0,0,0,0,0, ,-36.2,56.5,1000.6,-0.6,-0.5,-1.7,25,-0.145324,0.0639547,2.30609,-0.0108152,0.00704719,0.00304461,
2026_06_09_10_17_38.633,3.865,26.4,0,0.759,3.907,5.147,1.36,0.068, ,0,0,0,0,0, ,-35,57.7,1001.9,-0.6,-0.4,-1.8,25,-0.161317,0.0807522,2.54724,-0.00898271,0.0069816,0.00266316,
2026_06_09_10_17_38.653,3.873,26.5,0,0.759,3.903,5.142,1.36,0.068, ,0,0,0,0,0, ,-34.1,59.3,999.3,-0.6,-0.4,-1.7,25,-0.124235,0.164988,2.73215,-0.00719583,0.00933698,0.00228731,
2026_06_09_10_17_38.672,3.865,26.6,0,0.759,3.911,5.152,1.37,0.068, ,0,0,0,0,0, ,-35,58.5,1000.2,-0.6,-0.4,-1.7,25,-0.0883591,0.263898,2.85283,-0.00546112,0.0115308,0.00437077,
2026_06_09_10_17_38.693,3.864,26.7,0,0.757,3.898,5.149,1.34,0.067, ,0,0,0,0,0, ,-35.1,57.9,999.8,-0.7,-0.5,-1.8,25,-0.078329,0.322325,2.96579,-0.00623673,0.0111081,0.00387835,
2026_06_09_10_17_38.713,3.866,26.8,0,0.758,3.905,5.151,1.34,0.067, ,0,0,0,0,0, ,-35,57.7,1001,-0.6,-0.4,-1.7,25,-0.0684047,0.356681,3.07822,-0.00694357,0.0106514,0.00339097,
2026_06_09_10_17_38.732,3.867,26.8,0,0.758,3.905,5.151,1.32,0.066, ,0,0,0,0,0, ,-36,57,1001.9,-0.7,-0.3,-1.8,25,-0.0806995,0.365525,3.22145,-0.00758152,0.0150688,0.00291078,
2026_06_09_10_17_38.752,3.864,26.9,0,0.757,3.903,5.155,1.34,0.067, ,0,0,0,0,0, ,-33.9,57.8,999.3,-0.7,-0.4,-1.8,25,-0.0650199,0.374587,3.3001,-0.010603,0.0191954,-1.2365e-05,
2026_06_09_10_17_38.772,3.873,26.7,0,0.759,3.908,5.148,1.32,0.066, ,0,0,0,0,0, ,-35.6,57.4,1002,-0.7,-0.3,-1.8,25,-0.0399802,0.391166,3.36108,-0.013424,0.023025,-0.00279209,
2026_06_09_10_17_38.792,3.864,26.8,0,0.757,3.906,5.159,1.37,0.068, ,0,0,0,0,0, ,-35.6,56.1,1000.6,-0.7,-0.4,-1.8,25,-0.0576581,0.363317,3.43438,-0.0160405,0.0265533,-0.00542172,
2026_06_09_10_17_38.812,3.873,27,0,0.759,3.907,5.147,1.36,0.068, ,0,0,0,0,0, ,-34.5,58.1,1001.4,-0.7,-0.5,-1.6,25,-0.0472112,0.352209,3.47245,-0.0184497,0.0248734,-0.00299135,
2026_06_09_10_17_38.832,3.865,27,0,0.759,3.912,5.154,1.33,0.066, ,0,0,0,0,0, ,-36,57.2,998.9,-0.7,-0.5,-1.7,25,-0.0468526,0.366884,3.44985,-0.0206497,0.0207011,0.00178672,
2026_06_09_10_17_38.852,3.874,27,0,0.758,3.901,5.146,1.34,0.067, ,0,0,0,0,0, ,-36.6,56.5,1002.5,-0.6,-0.4,-1.7,25,-0.097776,0.339796,3.43834,-0.020188,0.0190836,0.0038695,
2026_06_09_10_17_38.875,3.866,27.1,0,0.756,3.907,5.167,1.35,0.067, ,0,0,0,0,0, ,-34.9,58.3,1001.7,-0.6,-0.5,-1.8,25,-0.118746,0.339336,3.4791,-0.0171972,0.0174514,0.00337891,
2026_06_09_10_17_38.891,3.866,27.1,0,0.758,3.91,5.158,1.33,0.066, ,0,0,0,0,0, ,-34.7,57.8,1000.9,-0.6,-0.5,-1.7,25,-0.0915121,0.369105,3.46148,-0.0142683,0.013361,0.00289572,
2026_06_09_10_17_38.911,3.864,27.2,0,0.758,3.905,5.151,1.34,0.067, ,0,0,0,0,0, ,-35.4,57.1,1000.8,-0.5,-0.5,-1.7,25,-0.0774233,0.366168,3.4056,-0.00896066,0.00940543,0.00487411,
2026_06_09_10_17_38.931,3.867,27.2,0,0.757,3.901,5.153,1.32,0.066, ,0,0,0,0,0, ,-34.6,56.7,1000.3,-0.5,-0.5,-1.7,25,-0.0611916,0.334597,3.32096,-0.00141696,0.00559748,0.00673146,
2026_06_09_10_17_38.951,3.865,27.3,0,0.757,3.906,5.159,1.33,0.066, ,0,0,0,0,0, ,-34.6,57.4,1001.3,-0.6,-0.4,-1.7,25,-0.0258371,0.310282,3.23637,0.00331159,0.00440086,0.00846455,
2026_06_09_10_17_38.970,3.873,27.3,0,0.759,3.909,5.15,1.32,0.066, ,0,0,0,0,0, ,-34.1,55.6,1001,-0.5,-0.4,-1.7,25,0.0201717,0.258656,3.15714,0.00779193,0.0056934,0.0100709,
2026_06_09_10_17_38.990,3.866,27.5,0,0.758,3.91,5.158,1.33,0.066, ,0,0,0,0,0, ,-36,57.3,1000.7,-0.6,-0.4,-1.7,25,0.0294943,0.205836,3.05152,0.0120141,0.00689448,0.0115489,
2026_06_09_10_17_39.009,3.864,27.5,0,0.76,3.911,5.146,1.3,0.065, ,0,0,0,0,0, ,-35.1,57.4,1000.2,-0.6,-0.4,-1.7,25,0.0136928,0.19873,2.91643,0.0135179,0.00800269,0.0128974,
2026_06_09_10_17_39.030,3.866,27.6,0,0.758,3.899,5.143,1.3,0.065, ,0,0,0,0,0, ,-35.5,55.9,1001,-0.6,-0.4,-1.7,25,0.0108595,0.156664,2.78095,0.0148813,0.0090171,0.0141163,
2026_06_09_10_17_39.053,3.863,27.6,0,0.759,3.908,5.148,1.3,0.065, ,0,0,0,0,0, ,-36,58.2,1000.6,-0.6,-0.4,-1.7,25,-0.0139578,0.135505,2.64821,0.0161045,0.00993733,0.0152058,
2026_06_09_10_17_39.070,3.864,27.6,0,0.759,3.903,5.142,1.3,0.065, ,0,0,0,0,0, ,-33.2,58.8,1001.8,-0.7,-0.5,-1.8,25,0.0189105,0.185829,2.52855,0.0147361,0.00831129,0.0137148,
2026_06_09_10_17_39.089,3.872,27.7,0,0.759,3.904,5.143,1.3,0.065, ,0,0,0,0,0, ,-35.8,57.1,1000.3,-0.7,-0.5,-1.8,25,0.0549779,0.205796,2.39495,0.0109101,0.00427187,0.00977714,
2026_06_09_10_17_39.109,3.865,27.7,0,0.758,3.91,5.158,1.29,0.064, ,0,0,0,0,0, ,-35.6,56.8,1001,-0.6,-0.5,-1.7,25,0.0301538,0.174725,2.23647,0.00967015,0.000409512,0.00843659,
2026_06_09_10_17_39.129,3.864,27.8,0,0.758,3.905,5.151,1.3,0.065, ,0,0,0,0,0, ,-33.3,57.7,1000.7,-0.6,-0.5,-1.7,25,0.0677025,0.159031,2.08455,0.0108955,-0.00326545,0.00957236,
2026_06_09_10_17_39.149,3.867,27.7,0,0.758,3.904,5.15,1.28,0.064, ,0,0,0,0,0, ,-35.4,57.2,1001.9,-0.7,-0.5,-1.7,25,0.10798,0.153131,1.95188,0.00955488,-0.00674408,0.0106053,
2026_06_09_10_17_39.168,3.864,27.8,0,0.759,3.909,5.15,1.3,0.065, ,0,0,0,0,0, ,-35,57.3,1001.2,-0.6,-0.4,-1.8,25,0.104064,0.136957,1.82836,0.00823293,-0.00756671,0.00908307,
2026_06_09_10_17_39.188,3.872,28,0,0.759,3.904,5.143,1.3,0.065, ,0,0,0,0,0, ,-35.5,58.7,1001.5,-0.6,-0.4,-1.8,25,0.0973745,0.157684,1.69208,0.00938739,-0.00585955,0.00513861,
2026_06_09_10_17_39.208,3.865,27.9,0,0.759,3.913,5.155,1.27,0.063, ,0,0,0,0,0, ,-35,57.4,999.1,-0.6,-0.4,-1.8,25,0.0905333,0.179069,1.50264,0.010439,-0.00420723,0.00136228,
2026_06_09_10_17_39.228,3.863,27.9,0,0.757,3.9,5.151,1.28,0.064, ,0,0,0,0,0, ,-35.4,57,1002.3,-0.7,-0.4,-1.8,25,0.0860335,0.156836,1.33471,0.00893538,-0.00261521,-0.00223556,
2026_06_09_10_17_39.248,3.864,27.9,0,0.758,3.906,5.153,1.28,0.064, ,0,0,0,0,0, ,-35,59,1001.7,-0.7,-0.4,-1.7,25,0.0813305,0.174155,1.23219,0.00500933,-0.00108838,-0.00319378,
2026_06_09_10_17_39.268,3.866,28.1,0,0.758,3.904,5.15,1.3,0.065, ,0,0,0,0,0, ,-36.2,57,1001,-0.8,-0.5,-1.8,25,0.05684,0.189767,1.09675,-0.00120102,-0.00208323,-0.00408926,
2026_06_09_10_17_39.287,3.864,28,0,0.759,3.91,5.151,1.26,0.063, ,0,0,0,0,0, ,-33.9,55.9,1000.1,-0.6,-0.5,-1.8,25,0.0602442,0.127661,0.923309,-0.00464872,-0.00547119,-0.00737283,
2026_06_09_10_17_39.307,3.872,28.1,0,0.76,3.907,5.14,1.28,0.064, ,0,0,0,0,0, ,-34.9,58.4,1002,-0.7,-0.5,-1.7,25,0.0950627,0.102302,0.778348,-0.00545226,-0.00866602,-0.00800687,
2026_06_09_10_17_39.327,3.865,28.2,0,0.758,3.907,5.154,1.28,0.064, ,0,0,0,0,0, ,-35.8,57,999.5,-0.6,-0.5,-1.7,25,0.081114,0.104656,0.621947,-0.00618952,-0.0116615,-0.00611819,
2026_06_09_10_17_39.347,3.874,28.2,0,0.759,3.908,5.148,1.26,0.063, ,0,0,0,0,0, ,-34.7,57.6,1001.4,-0.6,-0.4,-1.6,25,0.072354,0.086761,0.45544,-0.00440796,-0.0120004,-0.00183983,
2026_06_09_10_17_39.367,3.866,28.2,0,0.758,3.913,5.162,1.27,0.063, ,0,0,0,0,0, ,-35.8,58.4,1001.2,-0.6,-0.4,-1.8,25,0.063667,0.103647,0.336541,-0.00269205,-0.00981134,-0.000214388,
2026_06_09_10_17_39.387,3.863,28.3,0,0.759,3.91,5.151,1.26,0.063, ,0,0,0,0,0, ,-34.6,57.4,1001.9,-0.6,-0.4,-1.8,25,0.0575446,0.114289,0.234075,-0.00104703,-0.00768133,-0.00357192,
2026_06_09_10_17_39.407,3.872,28.3,0,0.76,3.907,5.14,1.26,0.063, ,0,0,0,0,0, ,-35,59.3,1001.8,-0.6,-0.5,-1.7,25,0.071056,0.145916,0.150194,0.000522475,-0.00807008,-0.00429503,
2026_06_09_10_17_39.426,3.873,28.4,0,0.759,3.91,5.151,1.26,0.063, ,0,0,0,0,0, ,-35.6,56.6,1000.7,-0.6,-0.4,-1.8,25,0.0590331,0.155655,0.0402596,0.00201243,-0.00839999,-0.00496151,
2026_06_09_10_17_39.447,3.865,28.4,0,0.759,3.915,5.158,1.25,0.062, ,0,0,0,0,0, ,-35.4,57.2,1002.9,-0.7,-0.5,-1.8,25,0.0375001,0.112655,-0.0375068,0.00096724,-0.00867233,-0.00802301,
2026_06_09_10_17_39.466,3.864,28.5,0,0.76,3.909,5.143,1.24,0.062, ,0,0,0,0,0, ,-35.8,56.8,1001.3,-0.6,-0.5,-1.7,25,0.0119341,0.0761117,-0.0965621,-3.14599e-05,-0.0113407,-0.00844266,
2026_06_09_10_17_39.486,3.867,28.5,0,0.76,3.906,5.139,1.24,0.062, ,0,0,0,0,0, ,-36.1,57.6,1000.6,-0.6,-0.4,-1.7,25,-0.029602,0.0507945,-0.208646,0.00147113,-0.0113702,-0.00634797,
2026_06_09_10_17_39.506,3.864,28.5,0,0.757,3.901,5.153,1.24,0.062, ,0,0,0,0,0, ,-35.5,56.6,1001,-0.5,-0.5,-1.7,25,-0.0615987,0.0215643,-0.321561,0.00534495,-0.0113422,-0.00432472,
2026_06_09_10_17_39.526,3.872,28.6,0,0.76,3.913,5.148,1.24,0.062, ,0,0,0,0,0, ,-35.2,56.5,1002.3,-0.5,-0.4,-1.8,25,-0.0696531,-0.0333123,-0.385666,0.0114546,-0.0112597,-0.00483155,
2026_06_09_10_17_39.545,3.865,28.6,0,0.758,3.909,5.156,1.22,0.061, ,0,0,0,0,0, ,-35.8,58.4,999.6,-0.6,-0.4,-1.8,25,-0.0843258,-0.0411945,-0.479058,0.014756,-0.00867356,-0.00774186,
2026_06_09_10_17_39.565,3.874,28.7,0,0.76,3.912,5.147,1.24,0.062, ,0,0,0,0,0, ,-35.5,57.1,1001.8,-0.6,-0.4,-1.8,25,-0.10522,-0.0337742,-0.57777,0.0153706,-0.00617152,-0.0104713,
2026_06_09_10_17_39.584,3.866,28.7,0,0.759,3.914,5.156,1.23,0.061, ,0,0,0,0,0, ,-34.5,59.5,1000.1,-0.6,-0.5,-1.8,25,-0.0926923,0.000422397,-0.656532,0.0158793,-0.00621393,-0.0130153,
2026_06_09_10_17_39.605,3.865,28.8,0,0.76,3.911,5.146,1.22,0.061, ,0,0,0,0,0, ,-35.6,57.9,1001.5,-0.7,-0.5,-1.7,25,-0.0827746,0.0525572,-0.735551,0.0138327,-0.0086758,-0.0129182,
2026_06_09_10_17_39.625,3.864,28.8,0,0.759,3.906,5.146,1.2,0.06, ,0,0,0,0,0, ,-35.8,57.9,1000.2,-0.6,-0.5,-1.8,25,-0.104813,0.0626415,-0.804618,0.0118182,-0.0109742,-0.0127622,
2026_06_09_10_17_39.645,3.872,28.9,0,0.759,3.907,5.147,1.2,0.06, ,0,0,0,0,0, ,-35,57.7,1001,-0.7,-0.5,-1.8,25,-0.110542,0.0670182,-0.878592,0.00984431,-0.0131057,-0.0150031,
2026_06_09_10_17_39.665,3.865,28.8,0,0.758,3.913,5.162,1.21,0.06, ,0,0,0,0,0, ,-35.8,58.2,999.3,-0.7,-0.5,-1.8,25,-0.115445,0.0782065,-0.966679,0.00546654,-0.0150682,-0.0170601,
2026_06_09_10_17_39.684,3.863,28.9,0,0.76,3.912,5.147,1.22,0.061, ,0,0,0,0,0, ,-36.1,57.1,1000.3,-0.7,-0.4,-1.8,25,-0.146512,0.0737476,-1.06285,0.00127653,-0.014408,-0.0189322,
2026_06_09_10_17_39.704,3.866,28.9,0,0.76,3.906,5.139,1.2,0.06, ,0,0,0,0,0, ,-35.2,56.8,1000.3,-0.7,-0.4,-1.7,25,-0.16062,0.0348136,-1.12454,-0.00271428,-0.011257,-0.0181671,
2026_06_09_10_17_39.724,3.864,29.1,0,0.76,3.909,5.143,1.2,0.06, ,0,0,0,0,0, ,-35,58.5,999.7,-0.6,-0.4,-1.8,25,-0.146272,0.0319478,-1.19238,-0.00404383,-0.008205,-0.0173499,
2026_06_09_10_17_39.744,3.872,29.1,0,0.761,3.911,5.139,1.18,0.059, ,0,0,0,0,0, ,-34.3,57.4,1000.8,-0.6,-0.4,-1.7,25,-0.109836,0.0437782,-1.23875,-0.00283608,-0.00526229,-0.0164873,
2026_06_09_10_17_39.763,3.864,29.2,0,0.758,3.908,5.155,1.18,0.059, ,0,0,0,0,0, ,-35.7,57.6,999.5,-0.6,-0.4,-1.7,25,-0.0918116,0.032743,-1.28165,-0.00167359,-0.00243796,-0.0131336,
2026_06_09_10_17_39.783,3.863,29.2,0,0.761,3.916,5.145,1.16,0.058, ,0,0,0,0,0, ,-35.6,57.6,999.8,-0.6,-0.4,-1.8,25,-0.106096,0.026992,-1.34065,-0.000559869,0.000259863,-0.0123318,
2026_06_09_10_17_39.803,3.864,29.3,0,0.76,3.905,5.138,1.16,0.058, ,0,0,0,0,0, ,-35.8,58.1,1000.8,-0.7,-0.4,-1.8,25,-0.12161,0.0336508,-1.35827,-0.00195016,0.0028241,-0.0139607,
2026_06_09_10_17_39.824,3.866,29.3,0,0.759,3.907,5.147,1.14,0.057, ,0,0,0,0,0, ,-35.7,57.9,1001.3,-0.6,-0.4,-1.8,25,-0.138216,0.0471738,-1.33155,-0.00326267,0.00524866,-0.0154409,
2026_06_09_10_17_39.843,3.864,29.3,0,0.761,3.917,5.147,1.14,0.057, ,0,0,0,0,0, ,-35.1,57.8,1000.3,-0.6,-0.5,-1.8,25,-0.136161,0.0524445,-1.31184,-0.00204256,0.00507628,-0.0167724,
2026_06_09_10_17_39.863,3.872,29.3,0,0.76,3.907,5.14,1.14,0.057, ,0,0,0,0,0, ,-34.7,57.4,1001.4,-0.6,-0.4,-1.7,25,-0.109014,0.0449376,-1.28418,-0.000872221,0.00488734,-0.0155038,
2026_06_09_10_17_39.882,3.865,29.3,0,0.759,3.915,5.158,1.15,0.057, ,0,0,0,0,0, ,-36.6,56.3,1001.7,-0.7,-0.4,-1.7,25,-0.119443,0.000794886,-1.21721,-0.00220714,0.00713574,-0.0117689,
2026_06_09_10_17_39.902,3.863,29.5,0,0.759,3.91,5.151,1.16,0.058, ,0,0,0,0,0, ,-36.2,56.7,1000,-0.6,-0.5,-1.8,25,-0.165555,-0.058352,-1.18186,-0.00346572,0.00678655,-0.0106113,
2026_06_09_10_17_39.922,3.866,29.5,0,0.759,3.909,5.15,1.12,0.056, ,0,0,0,0,0, ,-35.6,59.2,1000.1,-0.6,-0.4,-1.8,25,-0.184068,-0.0431978,-1.18166,-0.00219333,0.00642103,-0.0119103,
2026_06_09_10_17_39.942,3.863,29.5,0,0.76,3.915,5.151,1.12,0.056, ,0,0,0,0,0, ,-36.1,57.9,999.8,-0.6,-0.3,-1.8,25,-0.198314,0.000852027,-1.18054,-0.000972534,0.0109461,-0.0130869,
2026_06_09_10_17_39.963,3.866,29.6,0,0.759,3.907,5.147,1.12,0.056, ,0,0,0,0,0, ,-34.6,56.1,1000.3,-0.6,-0.4,-1.8,25,-0.186362,-0.0332797,-1.16876,0.000193183,0.0151953,-0.0141413,
2026_06_09_10_17_39.982,3.867,29.6,0,0.759,3.913,5.155,1.1,0.055, ,0,0,0,0,0, ,-35.1,58.4,999.8,-0.6,-0.4,-1.7,25,-0.149556,-0.0533128,-1.1518,0.00130078,0.0167091,-0.0126222,
2026_06_09_10_17_40.002,3.864,29.6,0,0.76,3.916,5.152,1.1,0.055, ,0,0,0,0,0, ,-35.2,57.4,999.8,-0.7,-0.5,-1.8,25,-0.128531,-0.0402224,-1.14225,-0.000104518,0.0156141,-0.0111153,
2026_06_09_10_17_40.022,3.863,29.7,0,0.758,3.906,5.153,1.1,0.055, ,0,0,0,0,0, ,-36.2,56.7,1001.7,-0.7,-0.5,-1.8,25,-0.134878,-0.0692626,-1.08095,-0.00389254,0.0120437,-0.0120798,
2026_06_09_10_17_40.041,3.866,29.6,0,0.759,3.913,5.155,1.1,0.055, ,0,0,0,0,0, ,-35.5,57.2,1000.8,-0.7,-0.4,-1.8,25,-0.147605,-0.101441,-0.992811,-0.0074756,0.0110413,-0.0129374,
2026_06_09_10_17_40.061,3.863,29.7,0,0.76,3.916,5.152,1.1,0.055, ,0,0,0,0,0, ,-36,59,1001.4,-0.6,-0.5,-1.6,25,-0.154076,-0.0751427,-0.911455,-0.00839393,0.0100335,-0.00878482,
2026_06_09_10_17_40.081,3.866,29.7,0,0.76,3.91,5.144,1.1,0.055, ,0,0,0,0,0, ,-35.4,56.5,1000.2,-0.6,-0.4,-1.8,25,-0.157019,-0.0669284,-0.844309,-0.0067737,0.00902579,-0.00479264,
2026_06_09_10_17_40.101,3.864,29.8,0,0.76,3.913,5.148,1.1,0.055, ,0,0,0,0,0, ,-34.4,56.5,1000.9,-0.6,-0.5,-1.7,25,-0.119808,-0.120091,-0.788556,-0.00519955,0.00802298,-0.00342479,
2026_06_09_10_17_40.121,3.867,30,0,0.762,3.917,5.14,1.08,0.054, ,0,0,0,0,0, ,-34.4,58.4,998.9,-0.6,-0.5,-1.7,25,-0.0593108,-0.123464,-0.763529,-0.00367697,0.00457765,0.000345009,
2026_06_09_10_17_40.140,3.864,29.9,0,0.759,3.909,5.15,1.04,0.052, ,0,0,0,0,0, ,-36.3,58.4,1002.1,-0.6,-0.4,-1.8,25,-0.0480791,-0.0794714,-0.706541,-0.00221094,0.00373089,0.00147607,
2026_06_09_10_17_40.162,3.864,29.9,0,0.759,0,0,0,0, ,0,0,0,0,0, ,-35.2,58.7,999.7,-0.5,-0.4,-1.8,25,-0.0567785,-0.0298884,-0.62925,0.00164624,0.00535943,9.22238e-05,
2026_06_09_10_17_40.180,3.864,29.9,0,0.76,0,0,0,0, ,0,0,0,0,0, ,-35.7,58.2,1000.9,-0.6,-0.4,-1.8,25,-0.0500585,0.0125058,-0.582073,0.00530614,0.0068817,-0.00122421,
2026_06_09_10_17_40.199,3.864,30.1,0,0.759,0,0,0,0, ,0,0,0,0,0, ,-34.4,57.9,1000.6,-0.6,-0.4,-1.7,25,-0.0238041,0.033142,-0.512272,0.00630824,0.00829538,-1.78844e-05,
2026_06_09_10_17_40.221,3.864,30,0,0.759,0,0,0,0, ,0,0,0,0,0, ,-33.6,56.3,1000.4,-0.6,-0.4,-1.7,25,0.0527754,0.00601168,-0.455631,0.0072301,0.00959886,0.00358152,
2026_06_09_10_17_40.240,3.864,30,0,0.76,0,0,0,0, ,0,0,0,0,0, ,-34.1,59.2,1003.2,-0.6,-0.5,-1.8,25,0.132696,0.0120604,-0.335765,0.00807112,0.00833894,0.00453459,
2026_06_09_10_17_40.261,3.864,30,0,0.759,0,0,0,0, ,0,0,0,0,0, ,-35.6,57.9,999.8,-0.7,-0.5,-1.7,25,0.158999,0.0569876,-0.234837,0.00637896,0.00464756,0.00541858,
2026_06_09_10_17_40.280,3.864,30,0,0.759,0,0,0,0, ,0,0,0,0,0, ,-36.4,58.1,1000.1,-0.4,-0.4,-1.7,25,0.126829,0.0724568,-0.213719,0.00964267,0.00356647,0.00868466,
2026_06_09_10_17_40.299,3.864,30,0,0.76,0,0,0,0, ,0,0,0,0,0, ,-35,57.6,1000.1,-0.5,-0.5,-1.7,25,0.110325,0.0794537,-0.185227,0.0176031,0.00252082,0.0117478,
2026_06_09_10_17_40.319,3.864,30.1,0,0.761,0,0,0,0, ,0,0,0,0,0, ,-36.4,57.6,1001,-0.6,-0.4,-1.8,25,0.0940867,0.073455,-0.13515,0.0201821,0.00151403,0.0121506,
2026_06_09_10_17_40.339,3.864,30.1,0,0.76,0,0,0,0, ,0,0,0,0,0, ,-34.1,57.2,999.7,-0.6,-0.5,-1.7,25,0.10025,0.05758,-0.0966704,0.0200829,0.000549155,0.0124738,
2026_06_09_10_17_40.363,3.864,30.1,0,0.759,0,0,0,0, ,0,0,0,0,0, ,-35,55.6,1000.8,-0.6,-0.4,-1.7,25,0.139948,-0.0068435,-0.0645062,0.0198897,-0.000371106,0.0151718,
2026_06_09_10_17_40.379,3.864,30.1,0,0.76,0,0,0,0, ,0,0,0,0,0, ,-35.6,58.1,1000.6,-0.5,-0.4,-1.8,25,0.140227,-0.0460043,-0.011533,0.0220601,0.00120776,0.0152106,
2026_06_09_10_17_40.398,3.864,30.1,0,0.759,0,0,0,0, ,0,0,0,0,0, ,-36.4,58.3,1001.3,-0.6,-0.4,-1.7,25,0.10547,-0.0168095,0.0511598,0.0240153,0.00270323,0.0151725,
2026_06_09_10_17_40.418,3.864,30.1,0,0.76,0,0,0,0, ,0,0,0,0,0, ,-35.1,57.9,1001,-0.5,-0.5,-1.6,25,0.0841593,0.00613214,0.120335,0.0257562,0.00165988,0.0199658,
2026_06_09_10_17_40.438,3.864,30.1,0,0.759,0,0,0,0, ,0,0,0,0,0, ,-35.6,57.2,1000.4,-0.5,-0.4,-1.7,25,0.0830962,0.000944679,0.163456,0.029737,0.000659525,0.0244256,
2026_06_09_10_17_40.458,3.864,30.1,0,0.758,0,0,0,0, ,0,0,0,0,0, ,-35.4,57.8,1000.4,-0.5,-0.5,-1.7,25,0.0743192,-0.00644524,0.188945,0.0333761,-0.000295025,0.0260942,
2026_06_09_10_17_40.478,3.864,30.1,0,0.758,0,0,0,0, ,0,0,0,0,0, ,-35.1,58.2,1001.3,-0.4,-0.3,-1.7,25,0.0778671,0.0110806,0.23432,0.0391243,0.00125085,0.0275524,
2026_06_09_10_17_40.498,3.864,30.1,0,0.759,0,0,0,0, ,0,0,0,0,0, ,-34.9,58.1,1001.8,-0.5,-0.4,-1.7,25,0.0931181,0.0350488,0.310645,0.0443978,0.00516692,0.0288032,
2026_06_09_10_17_40.517,3.864,30.1,0,0.759,0,0,0,0, ,0,0,0,0,0, ,-34.6,58.4,1000.6,-0.4,-0.5,-1.6,25,0.119423,0.0625732,0.364531,0.0491938,0.00396113,0.0323029,
2026_06_09_10_17_40.537,3.864,30.1,0,0.76,0,0,0,0, ,0,0,0,0,0, ,-35.8,58.8,1001,-0.4,-0.5,-1.7,25,0.12178,0.105604,0.39436,0.0559644,0.000342806,0.0354718,
2026_06_09_10_17_40.561,3.864,30.1,0,0.76,0,0,0,0, ,0,0,0,0,0, ,-34.4,58.3,999.7,-0.5,-0.4,-1.7,25,0.128325,0.143553,0.398714,0.059675,-0.000647596,0.0358583,
2026_06_09_10_17_40.577,3.864,30.1,0,0.759,0,0,0,0, ,0,0,0,0,0, ,-35.6,57.3,1000.3,-0.6,-0.4,-1.8,25,0.138822,0.14215,0.383724,0.0580051,0.000865926,0.033597,
2026_06_09_10_17_40.597,3.864,30.1,0,0.759,0,0,0,0, ,0,0,0,0,0, ,-35.6,57.4,999.1,-0.5,-0.4,-1.7,25,0.118693,0.118046,0.352865,0.0561313,0.00230095,0.031281,
2026_06_09_10_17_40.616,3.864,30.1,0,0.758,0,0,0,0, ,0,0,0,0,0, ,-35.1,57,1001.2,-0.5,-0.5,-1.7,25,0.111228,0.0871857,0.343849,0.0565249,0.0012021,0.0313765,
2026_06_09_10_17_40.636,3.864,30.1,0,0.759,0,0,0,0, ,0,0,0,0,0, ,-35,57.4,1000.6,-0.5,-0.5,-1.7,25,0.118293,0.0574095,0.370364,0.0566207,-0.00230094,0.0313128,
2026_06_09_10_17_40.656,3.864,30.2,0,0.76,0,0,0,0, ,0,0,0,0,0, ,-35.5,57.9,1001.4,-0.5,-0.4,-1.7,25,0.11462,0.0508801,0.398658,0.0564327,-0.00316869,0.0310978,
2026_06_09_10_17_40.676,3.864,30.2,0,0.758,0,0,0,0, ,0,0,0,0,0, ,-36,58.9,1000.2,-0.5,-0.4,-1.7,25,0.0860414,0.0812026,0.413792,0.0559758,-0.0015261,0.0307402,
2026_06_09_10_17_40.695,3.864,30.2,0,0.758,0,0,0,0, ,0,0,0,0,0, ,-36.6,58.9,1002,-0.4,-0.4,-1.7,25,0.0314661,0.134159,0.440857,0.0577176,4.34532e-05,0.0302486,
2026_06_09_10_17_40.716,3.864,30.2,0,0.76,0,0,0,0, ,0,0,0,0,0, ,-35.1,58.1,1000.7,-0.5,-0.4,-1.7,25,0.0014818,0.164241,0.476682,0.0590895,0.00153582,0.029632,
2026_06_09_10_17_40.736,3.864,30.2,0,0.76,0,0,0,0, ,0,0,0,0,0, ,-35.4,58.2,999.5,-0.5,-0.4,-1.7,25,0.00238658,0.174872,0.447097,0.0576508,0.00294742,0.0288996,
2026_06_09_10_17_40.755,3.864,30.2,0,0.759,0,0,0,0, ,0,0,0,0,0, ,-35,57.4,1000.9,-0.5,-0.4,-1.7,25,0.00568734,0.166955,0.421664,0.0559985,0.00427527,0.0280607,
2026_06_09_10_17_40.775,3.864,30.2,0,0.76,0,0,0,0, ,0,0,0,0,0, ,-34.9,58.8,1002.6,-0.5,-0.4,-1.6,25,0.021059,0.173316,0.471417,0.0541513,0.00551692,0.0295768,
2026_06_09_10_17_40.796,3.864,30.2,0,0.758,0,0,0,0, ,0,0,0,0,0, ,-36,57.8,1000.8,-0.5,-0.4,-1.7,25,0.0110514,0.18832,0.513954,0.0521278,0.0066705,0.0308729,
2026_06_09_10_17_40.815,3.864,30.2,0,0.761,0,0,0,0, ,0,0,0,0,0, ,-34.9,57.6,1000.9,-0.5,-0.4,-1.7,25,0.00148013,0.172234,0.510186,0.0499466,0.00773462,0.029501,
2026_06_09_10_17_40.835,3.864,30.2,0,0.758,0,0,0,0, ,0,0,0,0,0, ,-34.9,58.1,1001.4,-0.5,-0.4,-1.7,25,0.0193447,0.163445,0.518802,0.0476263,0.00870844,0.028051,
2026_06_09_10_17_40.854,3.864,30.2,0,0.759,0,0,0,0, ,0,0,0,0,0, ,-35.7,58.7,1001,-0.5,-0.4,-1.7,25,0.0166205,0.181254,0.526891,0.045185,0.00959158,0.0265339,
2026_06_09_10_17_40.874,3.864,30.2,0,0.759,0,0,0,0, ,0,0,0,0,0, ,-34.5,56,1000.4,-0.5,-0.4,-1.6,25,0.0237567,0.145802,0.507464,0.0426408,0.0103841,0.0274126,
2026_06_09_10_17_40.894,3.864,30.2,0,0.759,0,0,0,0, ,0,0,0,0,0, ,-34.6,58.7,1000.8,-0.5,-0.5,-1.7,25,0.0573997,0.11137,0.481585,0.0400112,0.00863449,0.0281131,
2026_06_09_10_17_40.914,3.864,30.2,0,0.758,0,0,0,0, ,0,0,0,0,0, ,-35.5,58.3,999.6,-0.6,-0.4,-1.7,25,0.0645882,0.134478,0.434983,0.0348612,0.00692809,0.0261886,
2026_06_09_10_17_40.933,3.864,30.2,0,0.758,0,0,0,0, ,0,0,0,0,0, ,-35.5,58.2,1001,-0.2,-0.4,-1.6,25,0.0490364,0.143528,0.393427,0.0371485,0.0077234,0.0266815,
2026_06_09_10_17_40.954,3.864,30.2,0,0.759,0,0,0,0, ,0,0,0,0,0, ,-35.4,56.7,1000.3,-0.4,-0.4,-1.7,25,0.0364578,0.112193,0.369136,0.0440448,0.00844165,0.0270187,
2026_06_09_10_17_40.974,3.864,30.2,0,0.759,0,0,0,0, ,0,0,0,0,0, ,-36.2,56.8,999.7,-0.4,-0.4,-1.5,25,0.00715119,0.0475117,0.312339,0.0454816,0.00908306,0.0296585,
2026_06_09_10_17_40.993,3.864,30.2,0,0.758,0,0,0,0, ,0,0,0,0,0, ,-36,57.8,1002,-0.4,-0.4,-1.7,25,-0.0354663,0.0127419,0.298476,0.0466237,0.00964826,0.0320225,
2026_06_09_10_17_41.013,3.864,30.2,0,0.759,0,0,0,0, ,0,0,0,0,0, ,-36.2,58.9,1000.7,-0.5,-0.4,-1.7,25,-0.0758188,0.03111,0.308343,0.0450279,0.0101382,0.0292086,
2026_06_09_10_17_41.035,3.864,30.2,0,0.758,0,0,0,0, ,0,0,0,0,0, ,-35.5,57.9,1000.7,-0.3,-0.4,-1.7,25,-0.101558,0.0508761,0.284329,0.0457406,0.0105541,0.0263886,
2026_06_09_10_17_41.053,3.864,30.2,0,0.757,0,0,0,0, ,0,0,0,0,0, ,-35.1,58.7,998,-0.3,-0.4,-1.7,25,-0.0985604,0.0645178,0.193882,0.0510972,0.0108976,0.0235769,
2026_06_09_10_17_41.073,3.864,30.2,0,0.76,0,0,0,0, ,0,0,0,0,0, ,-34.4,57.6,1000.1,-0.4,-0.4,-1.7,25,-0.0682503,0.0698159,0.0922023,0.0534872,0.0111706,0.020787,
2026_06_09_10_17_41.093,3.864,30.1,0,0.76,0,0,0,0, ,0,0,0,0,0, ,-35,57.9,1002.3,-0.4,-0.4,-1.7,25,-0.0366383,0.0548929,0.100497,0.0530441,0.0113751,0.0180314,
2026_06_09_10_17_41.113,3.864,30.2,0,0.759,0,0,0,0, ,0,0,0,0,0, ,-34.6,58.4,1000.8,-0.4,-0.4,-1.7,25,-0.0113004,0.0600486,0.125056,0.0523614,0.0115136,0.015322,
2026_06_09_10_17_41.133,3.864,30.2,0,0.76,0,0,0,0, ,0,0,0,0,0, ,-34.3,58.5,1002.4,-0.4,-0.5,-1.7,25,0.0300158,0.0793684,0.150246,0.0514541,0.00913632,0.0126701,
2026_06_09_10_17_41.152,3.864,30.2,0,0.758,0,0,0,0, ,0,0,0,0,0, ,-34.7,58.7,1001,-0.3,-0.3,-1.7,25,0.0667055,0.104706,0.178365,0.0527899,0.00928279,0.0100858,
2026_06_09_10_17_41.172,3.864,30.2,0,0.759,0,0,0,0, ,0,0,0,0,0, ,-35.1,58.3,1000.9,-0.5,-0.4,-1.6,25,0.0816498,0.123381,0.167444,0.0513479,0.0118285,0.0100306,
2026_06_09_10_17_41.195,3.864,30.1,0,0.758,0,0,0,0, ,0,0,0,0,0, ,-34.7,57.9,1001.2,-0.5,-0.4,-1.6,25,0.0954589,0.120914,0.161138,0.0448192,0.0117389,0.0123809,
2026_06_09_10_17_41.212,3.864,30.2,0,0.76,0,0,0,0, ,0,0,0,0,0, ,-35.5,57.7,1001,-0.6,-0.4,-1.6,25,0.0983115,0.10326,0.156799,0.0359377,0.0115958,0.0145549,
2026_06_09_10_17_41.232,3.864,30.2,0,0.76,0,0,0,0, ,0,0,0,0,0, ,-34.9,57.4,999.8,-0.5,-0.4,-1.6,25,0.0956354,0.0737013,0.117568,0.0273146,0.0114026,0.0165506,
2026_06_09_10_17_41.252,3.864,30.2,0,0.759,0,0,0,0, ,0,0,0,0,0, ,-34.6,57.6,1001.4,-0.4,-0.4,-1.6,25,0.114689,0.0427771,0.089492,0.0238841,0.0111627,0.0183668,
2026_06_09_10_17_41.271,3.864,30.2,0,0.759,0,0,0,0, ,0,0,0,0,0, ,-35.1,59.5,1000.4,-0.4,-0.4,-1.6,25,0.127338,0.0646542,0.0770653,0.0229563,0.0108795,0.0200034,
2026_06_09_10_17_41.291,3.864,30.2,0,0.758,0,0,0,0, ,0,0,0,0,0, ,-34.1,57.8,1000.2,-0.4,-0.4,-1.7,25,0.151,0.090044,0.0354421,0.0219609,0.0105566,0.0190091,
2026_06_09_10_17_41.311,3.864,30.2,0,0.76,0,0,0,0, ,0,0,0,0,0, ,-35.4,58.4,1000.8,-0.4,-0.4,-1.8,25,0.165402,0.0867711,0.00549327,0.0209061,0.0101976,0.0130655,
2026_06_09_10_17_41.331,3.864,30.2,0,0.76,0,0,0,0, ,0,0,0,0,0, ,-35.8,57.9,1001.2,-0.4,-0.5,-1.6,25,0.136594,0.0856834,0.00150777,0.0198,0.00735368,0.0098011,
2026_06_09_10_17_41.350,3.864,30.1,0,0.761,0,0,0,0, ,0,0,0,0,0, ,-36.2,57.7,1000.8,-0.4,-0.4,-1.6,25,0.0889097,0.0670615,-0.0022897,0.0186505,0.00461302,0.0115529,
2026_06_09_10_17_41.371,3.864,30.2,0,0.76,0,0,0,0, ,0,0,0,0,0, ,-36.6,57.3,1001.5,-0.4,-0.5,-1.7,25,0.0235081,0.0343094,0.00146654,0.0174655,0.00198404,0.0107096,
2026_06_09_10_17_41.390,3.864,30.2,0,0.759,0,0,0,0, ,0,0,0,0,0, ,-35.2,57.9,999.8,-0.3,-0.4,-1.7,25,-0.0142802,0.00789886,-0.0194903,0.0187047,-0.000525789,0.00740279,
2026_06_09_10_17_41.410,3.864,30.2,0,0.757,0,0,0,0, ,0,0,0,0,0, ,-34.4,58.4,1002.5,-0.3,-0.3,-1.7,25,0.00380258,0.00971845,-0.0148016,0.0222431,0.00199439,0.00422165,
2026_06_09_10_17_41.430,3.864,30.1,0,0.758,0,0,0,0, ,0,0,0,0,0, ,-35.5,59.8,1001.4,-0.3,-0.4,-1.7,25,0.0136233,0.0579919,0.0289655,0.0254984,0.00438114,0.00117572,
2026_06_09_10_17_41.450,3.864,30.2,0,0.759,0,0,0,0, ,0,0,0,0,0, ,-35.7,58.5,1000.3,-0.3,-0.4,-1.7,25,-0.00898278,0.106064,0.0164955,0.0284683,0.00417708,-0.00172662,
2026_06_09_10_17_41.469,3.864,30.2,0,0.759,0,0,0,0, ,0,0,0,0,0, ,-34.5,57.4,1000.8,-0.4,-0.4,-1.7,25,-0.00591433,0.0924044,-0.010158,0.0287001,0.00396245,-0.00447811,
2026_06_09_10_17_41.489,3.864,30.2,0,0.759,0,0,0,0, ,0,0,0,0,0, ,-36,57.8,1002.3,-0.4,-0.4,-1.6,25,-0.0103237,0.0617939,0.0135889,0.026327,0.00373881,-0.00462043,
2026_06_09_10_17_41.509,3.864,30.2,0,0.759,0,0,0,0, ,0,0,0,0,0, ,-35.6,59,1000.6,-0.4,-0.3,-1.6,25,-0.0414396,0.0716147,0.0311996,0.0239405,0.00595988,-0.00228084,
2026_06_09_10_17_41.529,3.864,30.2,0,0.76,0,0,0,0, ,0,0,0,0,0, ,-35.8,58.1,999.3,-0.5,-0.4,-1.6,25,-0.065921,0.0879573,-0.025772,0.0191009,0.00804265,-4.47459e-05,
2026_06_09_10_17_41.549,3.864,30.1,0,0.76,0,0,0,0, ,0,0,0,0,0, ,-35,58.9,999.8,-0.4,-0.5,-1.7,25,-0.0741639,0.100613,-0.0994395,0.0144045,0.00507931,-0.00037026,
2026_06_09_10_17_41.569,3.864,30.2,0,0.758,0,0,0,0, ,0,0,0,0,0, ,-36.2,57.7,1001,-0.4,-0.4,-1.7,25,-0.0914458,0.102343,-0.127317,0.0123196,0.00223627,-0.00313015,
2026_06_09_10_17_41.588,3.864,30.2,0,0.758,0,0,0,0, ,0,0,0,0,0, ,-33.8,58.4,1001.3,-0.5,-0.4,-1.7,25,-0.0780034,0.0912237,-0.116417,0.00782407,0.00197381,-0.00573925,
2026_06_09_10_17_41.608,3.864,30.1,0,0.758,0,0,0,0, ,0,0,0,0,0, ,-34.3,58.3,1001.3,-0.5,-0.4,-1.6,25,-0.0182448,0.0949128,-0.0981225,0.0010583,0.00171449,-0.00573995,
2026_06_09_10_17_41.628,3.864,30.1,0,0.76,0,0,0,0, ,0,0,0,0,0, ,-36.6,57.4,1001.3,-0.4,-0.3,-1.6,25,-0.0299875,0.0734316,-0.0802412,-0.00292871,0.00391159,-0.00326017,
2026_06_09_10_17_41.648,3.864,30.1,0,0.759,0,0,0,0, ,0,0,0,0,0, ,-34,57.8,1002,-0.4,-0.5,-1.8,25,-0.0336501,0.0403812,-0.045676,-0.00425359,0.00352951,-0.00579026,
2026_06_09_10_17_41.668,3.864,30.2,0,0.76,0,0,0,0, ,0,0,0,0,0, ,-35.2,58.2,1002.1,-0.3,-0.4,-1.7,25,-0.00263703,0.02837,0.00703609,-0.00304037,0.000696609,-0.0106199,
2026_06_09_10_17_41.687,3.864,30.2,0,0.757,0,0,0,0, ,0,0,0,0,0, ,-34.7,58.7,999.7,-0.4,-0.4,-1.7,25,0.00970293,0.0388775,0.000728943,-0.00187166,0.000451371,-0.0127082,
2026_06_09_10_17_41.708,3.864,30.1,0,0.758,0,0,0,0, ,0,0,0,0,0, ,-35.7,58.5,1001.9,-0.4,-0.4,-1.7,25,0.00912907,0.0560346,-0.0101756,-0.00320321,0.000215936,-0.0146314,
2026_06_09_10_17_41.728,3.864,30.1,0,0.759,0,0,0,0, ,0,0,0,0,0, ,-34,58.4,1001.4,-0.4,-0.4,-1.7,25,0.0257035,0.0647176,0.0211918,-0.00445367,-9.0168e-06,-0.0163882,
2026_06_09_10_17_41.747,3.864,30.1,0,0.76,0,0,0,0, ,0,0,0,0,0, ,-34.6,58.4,1000.6,-0.4,-0.4,-1.6,25,0.0683122,0.0702036,0.0190372,-0.00562085,-0.000222893,-0.0155259,
2026_06_09_10_17_41.767,3.864,30.1,0,0.759,0,0,0,0, ,0,0,0,0,0, ,-35.1,59.2,1002.6,-0.3,-0.4,-1.6,25,0.0815209,0.094692,0.0463191,-0.00425093,-0.000425181,-0.0121772,
2026_06_09_10_17_41.787,3.864,30.1,0,0.76,0,0,0,0, ,0,0,0,0,0, ,-34.9,57.9,1000.2,-0.4,-0.5,-1.6,25,0.0863235,0.105252,0.062227,-0.00292724,-0.00306761,-0.00893276,
2026_06_09_10_17_41.806,3.864,30.2,0,0.758,0,0,0,0, ,0,0,0,0,0, ,-34.7,58.5,1000.8,-0.4,-0.4,-1.6,25,0.100274,0.0976099,0.0329095,-0.00410621,-0.00556534,-0.00580339,
2026_06_09_10_17_41.829,3.864,30.1,0,0.758,0,0,0,0, ,0,0,0,0,0, ,-35.6,58.3,1000.3,-0.4,-0.4,-1.6,25,0.0958804,0.0996703,0.00731919,-0.00520712,-0.00546097,-0.0027989,
2026_06_09_10_17_41.847,3.864,30.1,0,0.759,0,0,0,0, ,0,0,0,0,0, ,-33.6,58.9,1001.8,-0.4,-0.5,-1.7,25,0.118204,0.110947,0.00746943,-0.00622838,-0.00778697,-0.00238013,
2026_06_09_10_17_41.866,3.864,30.1,0,0.76,0,0,0,0, ,0,0,0,0,0, ,-36.2,57.7,999.7,-0.4,-0.4,-1.7,25,0.124137,0.106411,-0.00713687,-0.00716885,-0.00996053,-0.00442233,
2026_06_09_10_17_41.886,3.864,30.1,0,0.757,0,0,0,0, ,0,0,0,0,0, ,-35,57.8,1000.2,-0.5,-0.5,-1.7,25,0.0948373,0.0745996,-0.0602256,-0.01048,-0.0119784,-0.00634257,
2026_06_09_10_17_41.906,3.864,30.1,0,0.757,0,0,0,0, ,0,0,0,0,0, ,-36.3,58.2,1000.6,-0.3,-0.4,-1.6,25,0.0640548,0.0562412,-0.0883454,-0.011125,-0.0138383,-0.00568523,
2026_06_09_10_17_41.926,3.864,30.1,0,0.758,0,0,0,0, ,0,0,0,0,0, ,-34.9,57.8,999.5,-0.4,-0.4,-1.7,25,0.0369185,0.038506,-0.131816,-0.00923137,-0.0130866,-0.0050321,
2026_06_09_10_17_41.946,3.864,30.1,0,0.759,0,0,0,0, ,0,0,0,0,0, ,-34.5,57.1,1000.6,-0.4,-0.4,-1.6,25,0.0550699,-0.00552303,-0.172505,-0.00983727,-0.0123072,-0.0043862,
2026_06_09_10_17_41.966,3.864,30.1,0,0.76,0,0,0,0, ,0,0,0,0,0, ,-36.1,56.8,1000,-0.4,-0.4,-1.7,25,0.0426339,-0.0718871,-0.198088,-0.010365,-0.0115055,-0.00375036,
2026_06_09_10_17_41.985,3.864,30.1,0,0.759,0,0,0,0, ,0,0,0,0,0, ,-36.7,57.4,1000.6,-0.4,-0.4,-1.6,25,-0.0233498,-0.127286,-0.22144,-0.0108157,-0.0106863,-0.00312723,
2026_06_09_10_17_42.006,3.864,30.1,0,0.758,0,0,0,0, ,0,0,0,0,0, ,-34.5,57.6,1000.4,-0.3,-0.4,-1.6,25,-0.0467479,-0.159723,-0.232746,-0.00873888,-0.00985468,-6.70803e-05,
2026_06_09_10_17_42.025,3.864,30.1,0,0.758,0,0,0,0, ,0,0,0,0,0, ,-35.1,57.4,1000.6,-0.4,-0.4,-1.6,25,-0.0295335,-0.189782,-0.24235,-0.00672084,-0.00901526,0.00284332,
2026_06_09_10_17_42.046,3.864,30.1,0,0.758,0,0,0,0, ,0,0,0,0,0, ,-34.5,58.2,1000.1,-0.4,-0.4,-1.6,25,-0.0130178,-0.202718,-0.257647,-0.0072208,-0.00817258,0.00559697,
2026_06_09_10_17_42.064,3.864,30.1,0,0.759,0,0,0,0, ,0,0,0,0,0, ,-34.1,57.9,1000.7,-0.4,-0.5,-1.7,25,0.0272737,-0.201761,-0.26847,-0.00766066,-0.00978311,0.00573583,
2026_06_09_10_17_42.084,3.864,30.1,0,0.76,0,0,0,0, ,0,0,0,0,0, ,-35.6,57.6,1001,-0.4,-0.5,-1.6,25,0.0384811,-0.214568,-0.25537,-0.0080412,-0.0137186,0.00583961,
2026_06_09_10_17_42.105,3.864,30.1,0,0.759,0,0,0,0, ,0,0,0,0,0, ,-34.7,58.8,1000.2,-0.4,-0.4,-1.6,25,0.0342361,-0.203621,-0.253915,-0.00836344,-0.0149413,0.00836168,
2026_06_09_10_17_42.125,3.864,30.1,0,0.758,0,0,0,0, ,0,0,0,0,0, ,-34,57.2,1001.2,-0.4,-0.5,-1.6,25,0.0692651,-0.202016,-0.246375,-0.00862866,-0.0160304,0.0107189,
2026_06_09_10_17_42.145,3.864,30.1,0,0.758,0,0,0,0, ,0,0,0,0,0, ,-36.1,59,1000.3,-0.4,-0.4,-1.8,25,0.0679047,-0.19459,-0.235538,-0.00883835,-0.0169871,0.00800328,
2026_06_09_10_17_42.164,3.864,30.1,0,0.757,0,0,0,0, ,0,0,0,0,0, ,-35,58.5,1000.1,-0.4,-0.4,-1.6,25,0.0417547,-0.154691,-0.251048,-0.0089942,-0.015361,0.00538144,
2026_06_09_10_17_42.184,3.864,30.1,0,0.759,0,0,0,0, ,0,0,0,0,0, ,-34.6,57.8,1000.4,-0.4,-0.4,-1.7,25,0.0534638,-0.145412,-0.262106,-0.00909808,-0.013739,0.00531383,
2026_06_09_10_17_42.204,3.864,30.1,0,0.76,0,0,0,0, ,0,0,0,0,0, ,-35.2,58.9,1000.4,-0.4,-0.4,-1.7,25,0.0594308,-0.126063,-0.263972,-0.00915202,-0.0121288,0.00277118,
2026_06_09_10_17_42.223,3.864,30.1,0,0.759,0,0,0,0, ,0,0,0,0,0, ,-35.1,56.5,999.6,-0.4,-0.4,-1.7,25,0.0525515,-0.13892,-0.284065,-0.00915822,-0.0105377,0.00033957,
2026_06_09_10_17_42.244,3.864,30.1,0,0.759,0,0,0,0, ,0,0,0,0,0, ,-35,58.5,1002,-0.4,-0.4,-1.7,25,0.0506549,-0.16027,-0.262538,-0.00911898,-0.00897281,-0.00197446,
2026_06_09_10_17_42.263,3.864,30.1,0,0.759,0,0,0,0, ,0,0,0,0,0, ,-35.1,57.6,1001,-0.4,-0.4,-1.7,25,0.0486017,-0.152809,-0.206443,-0.00903672,-0.00744042,-0.00416527,
2026_06_09_10_17_42.283,3.864,30.1,0,0.758,0,0,0,0, ,0,0,0,0,0, ,-35.5,59.5,1001.5,-0.4,-0.4,-1.6,25,0.0341489,-0.12044,-0.164341,-0.00891396,-0.00594651,-0.00377594,
2026_06_09_10_17_42.303,3.864,30.1,0,0.759,0,0,0,0, ,0,0,0,0,0, ,-36.2,58.5,999.2,-0.5,-0.4,-1.6,25,-0.00673724,-0.0669951,-0.167633,-0.0112055,-0.00449656,-0.000934941,
2026_06_09_10_17_42.323,3.864,30.1,0,0.758,0,0,0,0, ,0,0,0,0,0, ,-36.2,58.1,999.7,-0.4,-0.4,-1.8,25,-0.0627501,-0.0501715,-0.214077,-0.0133293,-0.00309556,-0.00313298,
2026_06_09_10_17_42.343,3.864,30.1,0,0.759,0,0,0,0, ,0,0,0,0,0, ,-35,58.4,1002.6,-0.4,-0.4,-1.7,25,-0.0862808,-0.0363778,-0.173815,-0.0128312,-0.00174802,-0.00765995,
2026_06_09_10_17_42.363,3.864,30.1,0,0.759,0,0,0,0, ,0,0,0,0,0, ,-35.5,57.1,1000.6,-0.4,-0.4,-1.7,25,-0.091067,-0.0476029,-0.112602,-0.0122943,-0.000457945,-0.00947499,
2026_06_09_10_17_42.382,3.864,30.1,0,0.759,0,0,0,0, ,0,0,0,0,0, ,-34.7,58.4,1000.6,-0.4,-0.4,-1.6,25,-0.0878133,-0.058043,-0.10288,-0.0117231,0.000771115,-0.00870216,
2026_06_09_10_17_42.402,3.864,30.1,0,0.758,0,0,0,0, ,0,0,0,0,0, ,-34.7,59.6,1000,-0.4,-0.4,-1.6,25,-0.0646691,-0.00638091,-0.107839,-0.0111221,0.0019361,-0.00547218,
2026_06_09_10_17_42.421,3.864,30.1,0,0.758,0,0,0,0, ,0,0,0,0,0, ,-35.6,59.3,1000,-0.5,-0.4,-1.7,25,-0.0644106,0.0648483,-0.126737,-0.012948,0.0030344,-0.0048258,
2026_06_09_10_17_42.441,3.864,30.1,0,0.758,0,0,0,0, ,0,0,0,0,0, ,-35,56.1,1001.9,-0.4,-0.5,-1.6,25,-0.0712039,0.046439,-0.0974912,-0.0146205,0.00161173,-0.00418734,
2026_06_09_10_17_42.461,3.864,30.1,0,0.759,0,0,0,0, ,0,0,0,0,0, ,-35.7,59.3,1000.3,-0.5,-0.4,-1.7,25,-0.0797653,0.0287037,-0.0618433,-0.0161389,0.000250887,-0.00355956,
2026_06_09_10_17_42.482,3.864,30.1,0,0.758,0,0,0,0, ,0,0,0,0,0, ,-36,57.1,1002.4,-0.4,-0.5,-1.7,25,-0.112035,0.0362183,-0.0153781,-0.0175034,-0.00104445,-0.00539718,
2026_06_09_10_17_42.506,3.864,30.1,0,0.759,0,0,0,0, ,0,0,0,0,0, ,-35.8,58.5,1001.2,-0.4,-0.4,-1.7,25,-0.144623,0.0235686,0.0509541,-0.0162624,-0.00227112,-0.00711808,
2026_06_09_10_17_42.521,3.864,30.1,0,0.757,0,0,0,0, ,0,0,0,0,0, ,-35.5,58.7,1002.5,-0.5,-0.4,-1.7,25,-0.162638,0.0506578,0.116234,-0.0174544,-0.00097427,-0.0087195,
2026_06_09_10_17_42.540,3.864,30,0,0.759,0,0,0,0, ,0,0,0,0,0, ,-35,58.8,998.2,-0.4,-0.4,-1.7,25,-0.159352,0.0835253,0.104174,-0.0185019,0.000263778,-0.0101994,
2026_06_09_10_17_42.561,3.864,30.1,0,0.76,0,0,0,0, ,0,0,0,0,0, ,-35.5,59.3,1001.8,-0.4,-0.4,-1.7,25,-0.155441,0.129082,0.075027,-0.0169547,0.00143981,-0.0115565,
2026_06_09_10_17_42.581,3.864,30.1,0,0.758,0,0,0,0, ,0,0,0,0,0, ,-35.1,58.8,1000.2,-0.4,-0.5,-1.7,25,-0.153408,0.171768,0.095983,-0.0153997,9.89054e-05,-0.01279,
2026_06_09_10_17_42.601,3.864,30.1,0,0.758,0,0,0,0, ,0,0,0,0,0, ,-34,58.7,1001.9,-0.4,-0.3,-1.6,25,-0.113936,0.196802,0.117891,-0.0138452,0.00127544,-0.0114479,
2026_06_09_10_17_42.620,3.864,30,0,0.759,0,0,0,0, ,0,0,0,0,0, ,-35,58.9,1000.2,-0.4,-0.4,-1.7,25,-0.0733865,0.22209,0.138144,-0.0122987,0.00484015,-0.0101152,
2026_06_09_10_17_42.640,3.864,30,0,0.758,0,0,0,0, ,0,0,0,0,0, ,-34.9,57.2,1000.4,-0.4,-0.5,-1.7,25,-0.0565335,0.208261,0.11994,-0.0107674,0.00330185,-0.0112501,
2026_06_09_10_17_42.660,3.864,30.1,0,0.758,0,0,0,0, ,0,0,0,0,0, ,-34.7,58.3,1000.3,-0.5,-0.4,-1.7,25,-0.0328719,0.179371,0.10449,-0.0117103,0.00182273,-0.012274,
2026_06_09_10_17_42.680,3.864,30.1,0,0.758,0,0,0,0, ,0,0,0,0,0, ,-34.6,58.4,999.2,-0.4,-0.5,-1.6,25,-0.00285218,0.180439,0.0598557,-0.0125492,0.000407165,-0.0107349,
2026_06_09_10_17_42.699,3.864,30.1,0,0.759,0,0,0,0, ,0,0,0,0,0, ,-35.8,57.6,1002.3,-0.4,-0.5,-1.7,25,-0.00126441,0.163401,0.066159,-0.010833,-0.00339314,-0.00921848,
2026_06_09_10_17_42.720,3.864,30,0,0.759,0,0,0,0, ,0,0,0,0,0, ,-35.2,56.7,1000.8,-0.5,-0.5,-1.7,25,-0.0144613,0.104706,0.111061,-0.0115997,-0.00699035,-0.0101831,
2026_06_09_10_17_42.739,3.864,30,0,0.759,0,0,0,0, ,0,0,0,0,0, ,-36,59.3,1001.8,-0.4,-0.4,-1.7,25,-0.031844,0.0900611,0.140953,-0.0122717,-0.00792453,-0.0110503,
2026_06_09_10_17_42.759,3.864,30.1,0,0.76,0,0,0,0, ,0,0,0,0,0, ,-34.5,58.3,999.8,-0.4,-0.4,-1.7,25,-0.0310522,0.114925,0.144162,-0.010398,-0.00632167,-0.0118205,
2026_06_09_10_17_42.779,3.864,30,0,0.758,0,0,0,0, ,0,0,0,0,0, ,-34.6,58.2,1000.6,-0.4,-0.4,-1.8,25,0.00418414,0.111029,0.117078,-0.00856504,-0.00476627,-0.0149468,
2026_06_09_10_17_42.799,3.864,30.1,0,0.76,0,0,0,0, ,0,0,0,0,0, ,-36,58.3,998.7,-0.5,-0.4,-1.6,25,0.000889333,0.106777,0.0637713,-0.0092319,-0.00326367,-0.0153939,
2026_06_09_10_17_42.818,3.864,30,0,0.759,0,0,0,0, ,0,0,0,0,0, ,-36.2,58.7,1002.3,-0.4,-0.4,-1.7,25,-0.0414829,0.114468,0.054452,-0.00982055,-0.00181867,-0.0132911,
2026_06_09_10_17_42.839,3.864,30,0,0.759,0,0,0,0, ,0,0,0,0,0, ,-34.4,58.5,999.5,-0.4,-0.4,-1.7,25,-0.0423381,0.126122,0.0649383,-0.00787977,-0.000435574,-0.0136781,
2026_06_09_10_17_42.859,3.864,30,0,0.759,0,0,0,0, ,0,0,0,0,0, ,-35,58.7,1002.1,-0.4,-0.4,-1.6,25,-0.0135167,0.136583,0.0696857,-0.00599535,0.000881836,-0.0115265,
2026_06_09_10_17_42.878,3.864,30,0,0.758,0,0,0,0, ,0,0,0,0,0, ,-35.6,58.5,999.7,-0.4,-0.4,-1.6,25,-0.0154681,0.145858,0.0787614,-0.00417379,0.00213029,-0.00697152,
2026_06_09_10_17_42.898,3.864,30.1,0,0.757,0,0,0,0, ,0,0,0,0,0, ,-36.1,59.4,1002.4,-0.4,-0.4,-1.6,25,-0.0442213,0.171124,0.0943616,-0.002421,0.00330702,-0.00260554,
2026_06_09_10_17_42.918,3.864,30,0,0.759,0,0,0,0, ,0,0,0,0,0, ,-36.2,57.6,1000,-0.4,-0.4,-1.6,25,-0.0860594,0.172238,0.116088,-0.000742242,0.00440973,0.00155916,
2026_06_09_10_17_42.938,3.864,30.1,0,0.758,0,0,0,0, ,0,0,0,0,0, ,-36.1,57.6,999.3,-0.4,-0.4,-1.7,25,-0.125421,0.12831,0.0601585,0.000857843,0.00543664,0.00305976,
2026_06_09_10_17_42.958,3.864,30,0,0.759,0,0,0,0, ,0,0,0,0,0, ,-36.2,58.1,1000.9,-0.5,-0.5,-1.7,25,-0.162235,0.0981649,0.0287457,-7.6933e-05,0.00393423,0.00201952,
2026_06_09_10_17_42.982,3.864,30,0,0.758,0,0,0,0, ,0,0,0,0,0, ,-35.1,58.9,1000,-0.4,-0.4,-1.6,25,-0.171922,0.100892,0.0158973,-0.000965486,0.00248611,0.00347251,
2026_06_09_10_17_42.998,3.864,30.1,0,0.758,0,0,0,0, ,0,0,0,0,0, ,-35.5,58.8,1001.3,-0.4,-0.4,-1.6,25,-0.163121,0.120154,0.0134084,0.000646458,0.00354892,0.00728929,
2026_06_09_10_17_43.019,3.864,30,0,0.758,0,0,0,0, ,0,0,0,0,0, ,-36.3,58.8,1000.7,-0.4,-0.5,-1.7,25,-0.183375,0.135427,0.0281409,0.00217616,0.00208996,0.0084308,
2026_06_09_10_17_43.037,3.864,30.1,0,0.759,0,0,0,0, ,0,0,0,0,0, ,-36.2,59.2,1001.5,-0.5,-0.4,-1.7,25,-0.218896,0.159091,0.0469168,0.00116796,0.000692247,0.00702261,
2026_06_09_10_17_43.057,3.864,30,0,0.759,0,0,0,0, ,0,0,0,0,0, ,-36.1,60.1,1000.7,-0.5,-0.4,-1.6,25,-0.246692,0.21269,0.0645407,-0.00224872,0.00181183,0.00810104,
2026_06_09_10_17_43.077,3.864,29.9,0,0.759,0,0,0,0, ,0,0,0,0,0, ,-35.4,58.3,1000.8,-0.4,-0.4,-1.7,25,-0.252292,0.240542,0.0638167,-0.00303459,0.00286758,0.00908665,
2026_06_09_10_17_43.096,3.864,30,0,0.758,0,0,0,0, ,0,0,0,0,0, ,-36.1,58.2,1001.7,-0.5,-0.4,-1.8,25,-0.256373,0.219251,0.0873353,-0.00376696,0.00385742,0.00507483,
2026_06_09_10_17_43.116,3.864,30,0,0.758,0,0,0,0, ,0,0,0,0,0, ,-35.6,58.7,999.6,-0.4,-0.4,-1.6,25,-0.263896,0.207733,0.0798439,-0.00444485,0.00477971,0.0036869,
2026_06_09_10_17_43.136,3.864,30,0,0.756,0,0,0,0, ,0,0,0,0,0, ,-35.1,60,999,-0.4,-0.4,-1.7,25,-0.245227,0.239895,0.0061177,-0.00261542,0.0056332,0.00480104,
2026_06_09_10_17_43.156,3.864,30,0,0.758,0,0,0,0, ,0,0,0,0,0, ,-34.3,59.9,1001,-0.5,-0.4,-1.7,25,-0.194387,0.298723,-0.029692,-0.00331499,0.00641708,0.00338471,
2026_06_09_10_17_43.177,3.864,30,0,0.759,0,0,0,0, ,0,0,0,0,0, ,-34,57.7,1000.4,-0.5,-0.4,-1.7,25,-0.118109,0.296794,-0.0292683,-0.00641607,0.00713089,0.00202116,
2026_06_09_10_17_43.196,3.864,30,0,0.758,0,0,0,0, ,0,0,0,0,0, ,-35.6,58.1,1000.1,-0.5,-0.5,-1.7,25,-0.0768679,0.249359,-0.0507912,-0.00933345,0.00532238,0.000714525,
2026_06_09_10_17_43.216,3.864,30,0,0.759,0,0,0,0, ,0,0,0,0,0, ,-35,58.7,999.7,-0.4,-0.4,-1.7,25,-0.0617921,0.227542,-0.0881736,-0.00960959,0.00357634,-0.000531551,
2026_06_09_10_17_43.235,3.864,29.9,0,0.759,0,0,0,0, ,0,0,0,0,0, ,-35.5,58.9,1000.9,-0.5,-0.4,-1.7,25,-0.044699,0.225291,-0.10367,-0.00982483,0.00435047,-0.0017139,
2026_06_09_10_17_43.255,3.864,30,0,0.758,0,0,0,0, ,0,0,0,0,0, ,-35.4,57.6,1001.2,-0.4,-0.5,-1.7,25,-0.0380326,0.195066,-0.0811124,-0.00998109,0.00261303,-0.00282981,
2026_06_09_10_17_43.275,3.864,30,0,0.758,0,0,0,0, ,0,0,0,0,0, ,-35.4,58.1,1001.2,-0.4,-0.4,-1.6,25,-0.0290535,0.145745,-0.0519055,-0.00762834,0.000947924,-0.00142488,
2026_06_09_10_17_43.295,3.864,30,0,0.76,0,0,0,0, ,0,0,0,0,0, ,-35.5,57.7,1000.9,-0.4,-0.5,-1.6,25,-0.0228238,0.100577,-0.0312314,-0.00535338,-0.000640193,0.00237032,
2026_06_09_10_17_43.315,3.864,30,0,0.757,0,0,0,0, ,0,0,0,0,0, ,-34.7,58.9,999.6,-0.4,-0.4,-1.7,25,0.000378043,0.076746,-0.0506528,-0.0031636,-0.00214727,0.00351555,
2026_06_09_10_17_43.335,3.864,30,0,0.759,0,0,0,0, ,0,0,0,0,0, ,-35.1,58.4,1000.4,-0.4,-0.4,-1.7,25,0.0322488,0.0708704,-0.0811328,-0.00106564,-0.00111769,0.00213513,
2026_06_09_10_17_43.355,3.864,29.9,0,0.757,0,0,0,0, ,0,0,0,0,0, ,-36.2,57.3,1001.8,-0.5,-0.4,-1.6,25,0.0256152,0.0256991,-0.0557704,-0.00151747,-0.000133095,0.00326405,
2026_06_09_10_17_43.374,3.864,30,0,0.757,0,0,0,0, ,0,0,0,0,0, ,-36.7,59,1001.3,-0.5,-0.5,-1.6,25,-0.020054,-0.00267059,-0.00930833,-0.00439182,-0.00164829,0.00677368,
2026_06_09_10_17_43.394,3.864,29.9,0,0.757,0,0,0,0, ,0,0,0,0,0, ,-36.7,58.5,1001.9,-0.5,-0.4,-1.6,25,-0.0756453,-0.000209845,0.037374,-0.00710356,-0.00308106,0.0100778,
2026_06_09_10_17_43.414,3.864,29.9,0,0.757,0,0,0,0, ,0,0,0,0,0, ,-36.1,57.3,1001.9,-0.4,-0.4,-1.7,25,-0.113425,-0.0395555,0.0962965,-0.00719514,-0.00197621,0.0107181,
2026_06_09_10_17_43.434,3.864,30,0,0.758,0,0,0,0, ,0,0,0,0,0, ,-35.5,58.7,999.3,-0.5,-0.4,-1.7,25,-0.119366,-0.0718722,0.0880976,-0.00724677,-0.00091581,0.00882192,
2026_06_09_10_17_43.453,3.864,30,0,0.759,0,0,0,0, ,0,0,0,0,0, ,-34.3,58.4,999.5,-0.4,-0.3,-1.6,25,-0.0802888,-0.075276,0.0210142,-0.00726016,0.00254926,0.00942746,
2026_06_09_10_17_43.477,3.864,29.9,0,0.758,0,0,0,0, ,0,0,0,0,0, ,-35.5,58.5,1000,-0.4,-0.4,-1.7,25,-0.0427325,-0.0830462,-0.0257174,-0.00478494,0.00583183,0.00995685,
2026_06_09_10_17_43.496,3.864,29.9,0,0.759,0,0,0,0, ,0,0,0,0,0, ,-34.6,58.8,1000.3,-0.5,-0.4,-1.6,25,-0.0141639,-0.0802175,-0.0504133,-0.0048597,0.00647251,0.0104112,
2026_06_09_10_17_43.513,3.864,29.9,0,0.758,0,0,0,0, ,0,0,0,0,0, ,-35.1,57.4,999.7,-0.5,-0.5,-1.7,25,0.0228821,-0.104106,-0.0810058,-0.007359,0.00459771,0.010792,
2026_06_09_10_17_43.533,3.864,29.9,0,0.758,0,0,0,0, ,0,0,0,0,0, ,-35.2,58.9,999.5,-0.5,-0.4,-1.7,25,0.0432854,-0.123857,-0.129316,-0.00969946,0.00279219,0.0086487,
2026_06_09_10_17_43.553,3.864,29.9,0,0.759,0,0,0,0, ,0,0,0,0,0, ,-35,59.5,1001,-0.5,-0.5,-1.6,25,0.0649269,-0.0905346,-0.142741,-0.0118773,0.00106147,0.00902009,
2026_06_09_10_17_43.574,3.864,29.9,0,0.759,0,0,0,0, ,0,0,0,0,0, ,-33.6,59.3,1001.8,-0.5,-0.4,-1.7,25,0.124422,-0.0485912,-0.0984056,-0.0138899,-0.00058961,0.00932881,
2026_06_09_10_17_43.593,3.864,29.8,0,0.759,0,0,0,0, ,0,0,0,0,0, ,-35.5,59.2,1000.7,-0.5,-0.4,-1.6,25,0.168125,-0.0158219,-0.0631155,-0.0157352,0.000295354,0.00957642,
2026_06_09_10_17_43.613,3.864,29.9,0,0.759,0,0,0,0, ,0,0,0,0,0, ,-35.1,58.5,1000.2,-0.5,-0.4,-1.7,25,0.172073,-0.00419895,-0.068479,-0.0174126,0.00113546,0.00976468,
2026_06_09_10_17_43.632,3.864,29.9,0,0.759,0,0,0,0, ,0,0,0,0,0, ,-36,59.5,1000.9,-0.4,-0.4,-1.7,25,0.162719,0.0142311,-0.0683373,-0.0164697,0.00192877,0.00744343,
2026_06_09_10_17_43.652,3.864,29.9,0,0.758,0,0,0,0, ,0,0,0,0,0, ,-36.3,57.7,1001.8,-0.4,-0.5,-1.6,25,0.123596,0.0120699,-0.0286319,-0.0130397,0.000221506,0.0076515,
2026_06_09_10_17_43.672,3.864,29.8,0,0.759,0,0,0,0, ,0,0,0,0,0, ,-34.6,59.4,1000,-0.4,-0.4,-1.7,25,0.120113,0.00750309,-0.0128026,-0.00971362,-0.00140312,0.00781166,
2026_06_09_10_17_43.692,3.864,29.9,0,0.76,0,0,0,0, ,0,0,0,0,0, ,-35.2,58.5,1000,-0.4,-0.3,-1.7,25,0.143183,0.0227405,-0.0418252,-0.00650283,0.00196317,0.0054733,
2026_06_09_10_17_43.712,3.864,29.9,0,0.759,0,0,0,0, ,0,0,0,0,0, ,-34.6,57.9,1000.3,-0.4,-0.4,-1.6,25,0.164415,0.0003362,-0.0618622,-0.00341746,0.00515469,0.00567481,
2026_06_09_10_17_43.732,3.864,29.8,0,0.758,0,0,0,0, ,0,0,0,0,0, ,-34.3,58.8,1001.9,-0.5,-0.4,-1.6,25,0.205866,-0.0136145,-0.0340199,-0.00291872,0.00571212,0.00829063,
2026_06_09_10_17_43.752,3.864,29.8,0,0.759,0,0,0,0, ,0,0,0,0,0, ,-35.8,58.7,1000.7,-0.4,-0.4,-1.7,25,0.214843,-0.00719674,0.00243385,-0.00243006,0.00621406,0.00828514,
2026_06_09_10_17_43.771,3.864,29.9,0,0.759,0,0,0,0, ,0,0,0,0,0, ,-34.7,58.8,1002.1,-0.5,-0.4,-1.7,25,0.212512,-0.00105822,0.0419909,-0.00195339,0.00666077,0.00578693,
2026_06_09_10_17_43.791,3.864,29.8,0,0.758,0,0,0,0, ,0,0,0,0,0, ,-36,58.8,999.5,-0.5,-0.4,-1.8,25,0.204344,0.00723659,0.0499747,-0.00394262,0.00705273,0.000930563,
2026_06_09_10_17_43.811,3.864,29.8,0,0.757,0,0,0,0, ,0,0,0,0,0, ,-35.1,58.7,1002.1,-0.4,-0.3,-1.7,25,0.185761,0.0126368,0.0573208,-0.00336271,0.00984288,-0.00369222,
2026_06_09_10_17_43.831,3.864,29.8,0,0.758,0,0,0,0, ,0,0,0,0,0, ,-34.6,59.5,999.5,-0.6,-0.4,-1.7,25,0.201504,0.0348751,0.064024,-0.00524683,0.0124477,-0.00561793,
2026_06_09_10_17_43.851,3.864,29.8,0,0.758,0,0,0,0, ,0,0,0,0,0, ,-34.3,58.3,1001,-0.4,-0.5,-1.7,25,0.235099,0.0460421,0.0431098,-0.00701269,0.00995907,-0.00742151,
2026_06_09_10_17_43.870,3.864,29.8,0,0.759,0,0,0,0, ,0,0,0,0,0, ,-35.1,58.8,1000.6,-0.5,-0.4,-1.7,25,0.253627,0.0392694,0.049982,-0.00620522,0.00754342,-0.00910007,
2026_06_09_10_17_43.891,3.864,29.8,0,0.759,0,0,0,0, ,0,0,0,0,0, ,-34.6,59.2,999.3,-0.5,-0.4,-1.7,25,0.26264,0.0547049,0.0145838,-0.00785893,0.00766123,-0.0106515,
2026_06_09_10_17_43.910,3.864,29.9,0,0.758,0,0,0,0, ,0,0,0,0,0, ,-35.1,57.9,1001,-0.4,-0.4,-1.6,25,0.269916,0.0470443,-0.00934093,-0.00694065,0.00773551,-0.00962209,
2026_06_09_10_17_43.930,3.864,29.8,0,0.759,0,0,0,0, ,0,0,0,0,0, ,-34.4,58.3,999.5,-0.5,-0.5,-1.7,25,0.28041,0.0174581,-0.0271417,-0.0060332,0.00531586,-0.0085958,
2026_06_09_10_17_43.950,3.864,29.8,0,0.759,0,0,0,0, ,0,0,0,0,0, ,-35.1,59.2,1000.4,-0.4,-0.4,-1.7,25,0.289007,0.021115,-0.0586481,-0.00514052,0.00298867,-0.0100296,
2026_06_09_10_17_43.970,3.864,29.8,0,0.759,0,0,0,0, ,0,0,0,0,0, ,-34.6,57.4,999.2,-0.5,-0.5,-1.8,25,0.290854,0.00241901,-0.0956764,-0.00426628,0.000760896,-0.0137959,
2026_06_09_10_17_43.989,3.864,29.8,0,0.758,0,0,0,0, ,0,0,0,0,0, ,-35.1,58.9,1002.8,-0.6,-0.4,-1.7,25,0.291177,-0.0227284,-0.0715663,-0.00831822,-0.00136137,-0.0173094,
2026_06_09_10_17_44.009,3.864,29.8,0,0.757,0,0,0,0, ,0,0,0,0,0, ,-35.4,57.1,1000.2,-0.4,-0.5,-1.7,25,0.270432,-0.0538871,-0.0237643,-0.00967828,-0.00337285,-0.0181132,
2026_06_09_10_17_44.029,3.864,29.9,0,0.757,0,0,0,0, ,0,0,0,0,0, ,-36.2,58.1,1000.2,-0.4,-0.4,-1.7,25,0.222398,-0.102869,-0.0419451,-0.00601962,-0.00526906,-0.0187883,
2026_06_09_10_17_44.050,3.864,29.8,0,0.759,0,0,0,0, ,0,0,0,0,0, ,-34.3,59.5,1001.2,-0.5,-0.4,-1.7,25,0.202597,-0.0900906,-0.034506,-0.00496289,-0.00459414,-0.0193377,
2026_06_09_10_17_44.069,3.864,29.8,0,0.758,0,0,0,0, ,0,0,0,0,0, ,-34.4,58.7,1001.9,-0.4,-0.5,-1.7,25,0.226907,-0.0627815,0.0144254,-0.00393352,-0.00638184,-0.0197648,
2026_06_09_10_17_44.089,3.864,29.8,0,0.757,0,0,0,0, ,0,0,0,0,0, ,-36.1,58.4,1001.2,-0.5,-0.4,-1.7,25,0.204769,-0.0634761,0.060886,-0.00293525,-0.00805042,-0.0200736,
2026_06_09_10_17_44.109,3.864,29.8,0,0.758,0,0,0,0, ,0,0,0,0,0, ,-35.6,58.3,1000,-0.4,-0.4,-1.7,25,0.153281,-0.0736325,0.0581762,-0.00197148,-0.00714533,-0.0202683,
2026_06_09_10_17_44.128,3.864,29.7,0,0.758,0,0,0,0, ,0,0,0,0,0, ,-35.6,59.3,1000.6,-0.5,-0.3,-1.7,25,0.115823,-0.0608584,0.0405988,-0.00104525,-0.00379725,-0.0203536,
2026_06_09_10_17_44.148,3.864,29.8,0,0.758,0,0,0,0.001, ,0,0,0,0,0, ,-35.8,58.8,999.1,-0.4,-0.4,-1.7,25,0.0747276,-0.0361502,0.00161331,-0.000159302,-0.000594656,-0.0203343,
2026_06_09_10_17_44.168,3.864,29.8,0,0.759,0,0,0,0, ,0,0,0,0,0, ,-35.2,59.3,1000.3,-0.5,-0.4,-1.7,25,0.0450878,-0.0124755,-0.0428243,0.000683985,1.64002e-06,-0.0202159,
2026_06_09_10_17_44.188,3.864,29.8,0,0.759,0,0,0,0, ,0,0,0,0,0, ,-34.5,59.4,1000.6,-0.5,-0.4,-1.7,25,0.0485574,0.0248126,-0.0480892,-0.000969618,0.000568684,-0.0200035,
2026_06_09_10_17_44.209,3.864,29.7,0,0.759,0,0,0,0, ,0,0,0,0,0, ,-35.6,58.9,1000.6,-0.4,-0.4,-1.7,25,0.0418091,0.0503411,-0.0455026,-8.51833e-05,0.00110512,-0.0197031,
2026_06_09_10_17_44.227,3.864,29.7,0,0.758,0,0,0,0.001, ,0,0,0,0,0, ,-35.5,59.4,1000,-0.5,-0.5,-1.7,25,0.010664,0.0743694,-0.057531,0.000756296,-0.000842368,-0.0193202,
2026_06_09_10_17_44.247,3.864,29.8,0,0.758,0,0,0,0.001, ,0,0,0,0,0, ,-35.5,58.7,999.6,-0.4,-0.5,-1.7,25,-0.0165541,0.0919485,-0.0932076,0.00155278,-0.00514235,-0.0188609,
2026_06_09_10_17_44.267,3.864,29.7,0,0.757,0,0,0,0, ,0,0,0,0,0, ,-36.3,58.7,1000.4,-0.4,-0.4,-1.8,25,-0.061973,0.0910472,-0.116866,0.00475471,-0.00675394,-0.0207834,
2026_06_09_10_17_44.287,3.864,29.7,0,0.759,0,0,0,0.001, ,0,0,0,0,0, ,-34.4,58.1,1000.8,-0.5,-0.4,-1.6,25,-0.0778852,0.0750284,-0.109362,0.00532401,-0.00580105,-0.020057,
2026_06_09_10_17_44.307,3.864,29.8,0,0.759,0,0,0,0.001, ,0,0,0,0,0, ,-34.3,58.3,1001.2,-0.4,-0.4,-1.6,25,-0.04359,0.0496167,-0.0820697,0.00583915,-0.00486631,-0.014363,
2026_06_09_10_17_44.328,3.864,29.7,0,0.758,0,0,0,0, ,0,0,0,0,0, ,-36.3,59,1001,-0.5,-0.5,-1.7,25,-0.0573529,0.0472763,-0.050807,0.00630026,-0.00640558,-0.0113297,
